review_text,true_label,Predicted Label,type
"The 12.8-inch screen is nice, but the 15.6-inch upgrade on the Ultra is what everyone actually wants. ğŸ“ºğŸ’",positive,positive,byd
"Rear seats comfy, long drive no backache at all",positive,positive,byd
Love the cabin vibes ğŸ›‹ï¸ ambient lighting = aesthetic âœ¨,positive,positive,byd
"BYD steering accurate, EMAS loose feel",positive,positive,byd
The Atlas Batman tires are absolute rubbish in the rain. Skidded slightly at a roundabout yesterday. ğŸŒ§ï¸ğŸ›,negative,negative,byd
"Cabin quiet, can enjoy music or podcast freely",positive,positive,byd
Tires squeak a bit on turns ğŸ˜‘ kinda annoying,negative,negative,byd
"12V battery died at month 14. For an EV this advanced, having such a weak starter battery is a joke. ğŸ”‹ğŸ’¢",negative,negative,byd
The DiLink system is basically Android. Sideloaded YouTube and it works perfectly. ğŸ“ºâš¡ï¸,positive,positive,byd
"Range anxiety is real at first, but once you get a home wallbox, life is easy peasy. ğŸ¡âš¡ï¸",positive,neutral,byd
"BYD charging fast, Proton slower refill",positive,positive,byd
Battery reliable for daily commute and weekend trips,positive,positive,byd
Some voice commands donâ€™t work ğŸ˜‘ frustration level high,negative,negative,byd
AC barely cools in heat ğŸ¥µ big oof,negative,negative,byd
I actually like the guitar strings on the doors. Good conversation starter for passengers! ğŸ¸ğŸ—£ï¸,positive,positive,byd
Itâ€™s a bit wide. I almost clipped my side mirror in a tight older parking lot. ğŸ“ğŸ˜°,neutral,negative,byd
360km real-world range is more than enough for my weekly commute. I only charge once every 5 days. ğŸ”ŒğŸ“…,positive,positive,byd
"Charging at home is so much cheaper than petrol. My ""fuel bill"" dropped from RM500 to RM60. ğŸ’¸ğŸ”Œ",positive,positive,byd
"Exterior styling modern, friends always notice it",positive,positive,byd
"Cabin BYD quiet, Myvi engine sound annoying af",positive,positive,byd
The new black interior makes the car look much more expensive than it is. ğŸ–¤ğŸ’,positive,positive,byd
Torque steer on this thing is wild. Floor it and the car wants to go into the ditch. ğŸï¸ã€°ï¸,negative,negative,byd
The 15.6 inch screen is a fingerprint magnet. I have to wipe it every day. ğŸ“±ğŸ§¼,negative,negative,byd
"Regenerative braking is too weak, even on ""High"" mode. I still have to use the brake pedal constantly. ğŸ›‘ğŸ¦¶",negative,negative,byd
"88kW DC charging is ""good enough."" 40 minutes for a grocery run and I'm back to 80%. ğŸ”ŒğŸ›’",positive,positive,byd
Why is the wireless charger so slow? It just makes my phone hot without actually adding much percentage. ğŸ”¥ğŸ“±,negative,negative,byd
The door handles are so weird. My passengers always try to pull them the wrong way. ğŸšªğŸ¤¨,neutral,negative,byd
"Acceleration feels natural, not jerky at all",positive,positive,byd
"BYD handling light, EMAS feels heavy",positive,positive,byd
"The steering feels too ""artificial."" There is zero connection to the road. ğŸ®â˜ï¸",negative,negative,byd
"No ""One-Pedal Driving"" is a big miss. Itâ€™s the best part of driving an EV and BYD left it out. ğŸ›‘ğŸ¦¶",negative,neutral,byd
"V2L charging handy, no more hunting for plugs",positive,positive,byd
"AC strong, front cabin very comfortable ğŸ¥¶",positive,positive,byd
Atto 3 is the EV that made Malaysia switch from petrol. Itâ€™s a pioneer. âš¡ï¸ğŸ‡²ğŸ‡¾,positive,positive,byd
"Picked up the ""Boulder Grey."" Looks super stealthy and stays clean longer than white. ğŸ©¶ğŸ™ï¸",positive,positive,byd
420km WLTP is enough for my weekly commute. Only need to charge once every 5 days. ğŸ”‹ğŸ™ï¸,positive,positive,byd
"Infotainment sometimes crashes, small rage moment ğŸ˜¤",negative,negative,byd
Picked up my Atto today! The blue color is stunning under the sun. Can't stop staring. ğŸ˜ğŸ’,positive,positive,byd
"Lane Departure Warning is too aggressive. It ""vibes"" the steering wheel for no reason. ğŸ“³ğŸ™„",negative,negative,byd
"The seats are so soft, it's like driving a giant marshmallow. Perfect for my back. â˜ï¸ğŸ›‹ï¸",positive,positive,byd
"Atto 3 Ultra has better noise insulation than the eMAS 7. On the highway at 110km/h, itâ€™s library quiet. ğŸ¤«ğŸ›£ï¸",positive,positive,byd
"That ""Build Your Dreams"" wording on the back is gone in the 2024 model. Finally! Looks much cleaner. âœ¨ğŸ‘Œ",positive,positive,byd
Exterior paint looks polished even after months,positive,positive,byd
Why no head-up display (HUD)? Even the cheaper models in China have it. ğŸ“‰ğŸ‘€,negative,negative,byd
"The Atto 3 feels more futuristic. Every time I get in, it feels like Iâ€™m in a sci-fi movie. ğŸš€ğŸ“½ï¸",positive,positive,byd
Car feels heavier than expected ğŸš— awkward parking ğŸ˜‘,negative,negative,byd
Cabin spacious for weekend trip luggage,positive,positive,byd
Ventilated seats in the Atto 3 Ultra are a lifesaver. Proton only offers them on the highest spec for more money. â„ï¸ğŸª‘,positive,positive,byd
"My car keeps screaming ""For your safety, please turn off high beam"" every time I enter a well-lit roundabout. So annoying! ğŸ—£ï¸ğŸ˜«",negative,negative,byd
Rear camera glare in sunny conditions,negative,negative,byd
"Cabin layout clean, all buttons accessible ğŸ˜",positive,positive,byd
The new 18-inch rims look way more premium than the old tri-color ones. Very sleek. ğŸ›âœ¨,positive,positive,byd
Sleek exterior design fr ğŸ˜ got compliments everywhere I park,positive,positive,byd
2 years later and still loving it. The best purchase I've made for my daily commute. âš¡ï¸ğŸ¥³,positive,positive,byd
BYD's customer service followed up with me three times after my purchase. Great experience. ğŸ¤µâ€â™‚ï¸ğŸ“,positive,positive,byd
"My 12V battery died again. Turns out it was a door sensor fault, not the battery itself. ğŸšªğŸ”‹",negative,negative,byd
ADAS on the Atto 3 is well-tuned for KL traffic. Protonâ€™s ACC is still a bit jerky in start-stop jams. ğŸš¦ğŸ¤–,positive,positive,byd
Sensors misread sometimes ğŸ˜‘ minor stress ğŸ˜­,negative,negative,byd
Rear seats are a bit upright. My parents complained about back pain after a 3-hour drive to Penang. ğŸ›‹ï¸ğŸ˜«,negative,negative,byd
Touchscreen lags occasionally ğŸ˜¤ so frustrating,negative,negative,byd
Brake pedal stiff ğŸ˜¬ not smooth ğŸ˜­ minor annoyance,negative,negative,byd
My panoramic sunroof sunshade got stuck. Had to drive to the SC with the sun cooking me. â˜€ï¸ğŸ¥µ,negative,negative,byd
"AC airflow strong and consistent, everyone comfy",positive,positive,byd
"Battery reliable, no range anxiety even on highway",positive,positive,byd
"""Space inside very comfortable, my family can fit nicely even with 3 kids.""",positive,positive,byd
"The car is very heavy, so the brake pads wear out faster than my old Myvi. âš–ï¸ğŸ›‘",negative,negative,byd
"Dashboard BYD intuitive, Myvi need time to adapt",positive,positive,byd
Road noise is noticeable at 100km/h ğŸ˜¬,negative,negative,byd
"Exterior design sleek, modern and stylish ğŸ”¥",positive,positive,byd
Infotainment crashes ğŸ˜¤ stress mode activated ğŸ˜­,negative,negative,byd
"Smooth braking ğŸ›‘ premium feel, love the control",positive,positive,byd
"My rear wiper motor failed after 6 months. Minor issue, but still annoying for a new car. ğŸŒ§ï¸ğŸ› ï¸",negative,negative,byd
Steering feedback inconsistent at low speeds,negative,negative,byd
"AC vents weak on passenger side, uncomfortable ğŸ˜¬",negative,negative,byd
Car feels sluggish on steep hills ğŸ˜­ expected more âš¡,negative,negative,byd
Smooth steering = buttery feel ğŸ§ˆ big fan of EV life ğŸ˜Œ,positive,positive,byd
"BYD battery reliable, EMAS fuel guzzles more",positive,positive,byd
Indicator sound sounds like a toy heart. Why can't we change it to a normal click? ğŸ’“ğŸ§¸,negative,neutral,byd
No automatic wipers in 2025 is honestly a joke. Even a Myvi has it. ğŸ¤¡ğŸŒ§ï¸,negative,negative,byd
The dashboard material is a bit squishy and weird. Feels like a yoga mat. ğŸ§˜â€â™‚ï¸ğŸ¤¨,neutral,negative,byd
"DiLink system is so snappy. No lag even when running Waze, Spotify, and Dashcam together. ğŸ–¥ï¸âš¡ï¸",positive,positive,byd
"Cabin layout BYD modern, EMAS simple too much",positive,positive,byd
Built like a tank. Someone bumped me from behind and there wasn't even a scratch. ğŸ›¡ï¸ğŸš™,positive,positive,byd
Cabin quiet even on bumpy roads,positive,positive,byd
Piano black plastics are already scratched up after 2 weeks. Material quality could be better. ğŸ˜’ğŸª,negative,negative,byd
"Range anxiety is real. When the battery hits 10%, the car starts panicking and so do I. ğŸ”‹ğŸ˜°",negative,negative,byd
"""Hey BYD"" voice control actually works well for the AC and sunroof. Beats digging through menus. ğŸ—£ï¸ğŸ™ï¸",positive,positive,byd
"Black interior is way more ""matured"" than the blue/white. Glad BYD finally listened. ğŸ–¤ğŸ™Œ",positive,positive,byd
"Car feels heavy in city traffic, parking sus",negative,negative,byd
App features occasionally lag or freeze,negative,negative,byd
"""Acceleration smooth, no jerky feeling. Very confidence driving through highway.""",positive,positive,byd
"Battery reliable, no range anxiety even on long drives",positive,positive,byd
"Myvi okay lah but BYD cabin quiet and comfy, love it more",positive,positive,byd
"BYD interior high-end feel, EMAS ordinary only",positive,positive,byd
Digital key on the phone means I can leave my wallet and keys at home. True freedom! ğŸ“±ğŸ”“,positive,positive,byd
"BYD interior feels premium, Proton Persona basic only",positive,positive,byd
"My 12V battery gave up at 21,000km. Service center said it's out of warranty. RM400 for a tiny battery? Ridiculous. ğŸ”‹ğŸ’¸",negative,negative,byd
"Overall satisfied with value, good car for the price",positive,positive,byd
No physical buttons for the AC is a crime. Using a screen while driving is dangerous. ğŸš«ğŸ“±,negative,negative,byd
Why get the eMAS 7 when the Atto 3 Ultra is now the same price? You get a globally proven brand vs. a first-timer. ğŸŒğŸ¥‡,positive,positive,byd
Infotainment is snappy! No lag when switching between apps. Great job BYD. ğŸš€ğŸ’»,positive,positive,byd
"Buttons feel loose at times, minor quality issue ğŸ˜‘",negative,negative,byd
"The ""Atto 3 Ultra"" branding is a bit confusing. Is it better or just cheaper? ğŸ§ğŸš™",neutral,neutral,byd
Charging slower than home at public stations ğŸ”Œ,negative,negative,byd
Car feels lightweight yet solid ğŸš— control = amazing,positive,positive,byd
"Great value for money. For RM123k, you get a full EV with all the bells and whistles. ğŸ’°ğŸ†",positive,positive,byd
"BYD interior layout modern, EMAS outdated",positive,positive,byd
"Atto 3 Ultra at RM123k is basically a ""middle finger"" to all the early adopters who paid RM167k. ğŸ–•ğŸ“‰",negative,positive,byd
V2L is the best feature. Used it to power my Steamboat during camping. Everyone was jealous! ğŸ²âš¡ï¸,positive,positive,byd
"The ""Emergency Lane Keeping"" pushed me towards a concrete barrier. I had to fight the wheel. ğŸ§±ğŸ˜°",negative,negative,byd
Interior lights at night are beautiful. Feels like a premium lounge. ğŸŒˆğŸ›‹ï¸,positive,positive,byd
Wireless Apple CarPlay is finally stable on the 2025 firmware. No more random reboots. ğŸ“±âœ…,positive,positive,byd
"Overall BYD Atto 3 is fire, canâ€™t imagine going back to petrol",positive,positive,byd
Driver assist kinda sus sometimes ğŸ˜¬ need full attention,negative,negative,byd
"BYD rear camera clear, Vios camera small",positive,positive,byd
"Fun acceleration, highway overtakes feel effortless",positive,positive,byd
Friends always ask for a ride ğŸ˜† flex without flexing ğŸ˜‚,positive,positive,byd
My 12V battery died exactly at the 20-month mark. It seems to be a common curse for the early Atto 3 batches. RM450 lesson learned. ğŸ”‹ğŸ’¢,negative,negative,byd
The seats are surprisingly comfortable for long journeys. No backache after 4 hours drive. ğŸ›ŒğŸ›£ï¸,positive,positive,byd
Ventilated seats in the Atto 3 Ultra are much colder than the ones in the Chery Omoda E5. â„ï¸ğŸ’,positive,positive,byd
Used the car to power my house lights during a blackout. V2L is the real MVP. ğŸ âš¡ï¸,positive,positive,byd
BYD is basically the Tesla of China. You can't go wrong with the market leader. ğŸ‘‘ğŸ¥‡,positive,positive,byd
Driving in Eco mode is too slow. Normal mode is the sweet spot for me. ğŸ¢â¡ï¸ğŸ‡,neutral,positive,byd
Just used V2L to power a coffee machine at a roadside picnic. People were staring like I'm from 2050. â˜•ï¸âš¡ï¸,positive,neutral,byd
5-star Euro NCAP rating is the main reason I bought it for my wife. ğŸ›¡ï¸ğŸ‘©â€ğŸ‘§â€ğŸ‘¦,positive,positive,byd
"Ride stable over small bumps, passengers chill",positive,positive,byd
"Atto 3â€™s interior might be ""funky,"" but the build quality is solid. eMAS 7 already has people complaining about rattles. ğŸ—ï¸âœ…",positive,positive,byd
Sun glare through panoramic roof distracting at times,negative,negative,byd
"Headlights are bright, but the auto high beam is stupid. It blinds oncoming drivers. ğŸ”¦ğŸ˜µ",negative,negative,byd
"Battery last long, can do KLâ€“Ipoh trip no stress âš¡",positive,positive,byd
"Some plastics inside feel cheap, not premium ğŸ˜•",negative,negative,byd
My sunroof sunshade is stuck halfway. Why is this such a common problem? â˜€ï¸âš™ï¸,negative,negative,byd
"Driver assist not reliable on sharp turns, must control manually",negative,negative,byd
My key fob battery died in 6 months. Quality of the accessories is quite low. ğŸ”‘ğŸ”‹,negative,negative,byd
Road noise noticeable on highway ğŸ˜­ feels cheap,negative,negative,byd
"Steering light, city lane driving feels effortless",positive,positive,byd
"Steering feels light and easy, good for city traffic",positive,positive,byd
"""AC airflow weak at back, my kids complain during hot afternoon.""",negative,negative,byd
"Rear wiper smears water, ineffective ğŸŒ§ï¸",negative,negative,byd
"The door sensor recall/fix better be permanent. I don't want my car to ""brick"" in the fast lane. ğŸ› ï¸ğŸ¤",neutral,negative,byd
Managed to drive KL to Melaka and back on one charge. EVs are perfectly fine for day trips! ğŸ—ºï¸ğŸ”‹,positive,positive,byd
"Cabin quiet BYD, EMAS engine sound distracting",positive,positive,byd
8-year drive unit warranty is the best in Malaysia. Peace of mind is worth everything. ğŸ›¡ï¸ğŸ†,positive,positive,byd
"Steering BYD precise, Vios clunky",positive,positive,byd
"Seats supportive, no back pain after long drive",positive,positive,byd
Why is the 2025 version still using a 1-phase 7kW charger? Everyone else is on 11kW or 22kW. ğŸ”ŒğŸŒ,negative,negative,byd
Car slower on steep hills than expected,negative,negative,byd
Auto-parking feature is a gimmick. Itâ€™s too slow and panics when thereâ€™s a biker nearby. ğŸ…¿ï¸ğŸš´,negative,negative,byd
"Zero range anxiety after getting a wallbox. Wake up every day with a ""full tank."" ğŸ¡ğŸ”‹",positive,positive,byd
Can finally do all errands without worrying about gas â›½ #blessed,positive,positive,byd
Rear legroom is better than my old CR-V. My kids have so much space. ğŸ§’ğŸš™,positive,positive,byd
"Regenerative braking is too mild even on ""High."" I want one-pedal driving! ğŸ›‘ğŸ¦¶",negative,negative,byd
Rear legroom is massive! My tall friends can actually sit comfortably in the back. ğŸ¦µğŸ›‹ï¸,positive,positive,byd
"Steering BYD comfortable, EMAS heavy in city",positive,positive,byd
"Used car dealers offering me peanuts for my 2-year-old Atto. The depreciation is real, guys. ğŸ¥œğŸ“‰",negative,negative,byd
Blue and cream interior is beautiful but high maintenance. One drop of coffee and it's over. â˜•ï¸ğŸ’€,neutral,positive,byd
"""Driver assist can confuse sometimes, need full attention lah.""",negative,negative,byd
"AC weak at back, kids complain during hot day ğŸ¥µ",negative,negative,byd
V2L allows charging gadgets on the go conveniently,positive,positive,byd
"The car sometimes refuses to lock if your phone is still inside. Smart, but annoying. ğŸ“±ğŸ”’",neutral,negative,byd
AC barely cools ğŸ¥µ huge oof in summer,negative,negative,byd
"The ""Check OBC"" light turned off by itself after I restarted the car. Still scary. ğŸ‘»ğŸ”Œ",negative,negative,byd
V2L is the ultimate backup plan. My fridge stayed on for 6 hours during a power outage. ğŸ§Šâš¡ï¸,positive,positive,byd
"BYD charging easy at home, Vios still petrol pump",positive,positive,byd
"Brake feel is a bit ""mushy."" Needs a firmer pedal for more confidence during high-speed stops. ğŸ›‘ğŸ¦µ",negative,negative,byd
"The ""Build Your Dreams"" logo on the back is so cringe. First thing I did was debadge it. ğŸ“›âœ‚ï¸",negative,neutral,byd
"Battery BYD reliable for highway trips, EMAS petrol guzzle woi",positive,positive,byd
"Charging speeds drop to 30kW after 80%. Just leave once you hit 80, don't wait! ğŸ”Œâ³",neutral,negative,byd
"""Check OBC System"" error popped up at the Gentari charger. Had to reset the car twice to get it to start. ğŸ”ŒğŸ˜¤",negative,negative,byd
"The ""Automatic Wipers"" are either too slow or too fast. Never just right. ğŸŒ§ï¸ğŸ™„",negative,negative,byd
PM2.5 filter in the BYD is certified medical grade. Essential for KL's bad air quality days. ğŸ’¨ğŸŒ²,positive,positive,byd
Steering precise on highways ğŸš— smooth drive,positive,positive,byd
Love the ambient lighting that pulses with the music. Makes every night drive feel like a party. ğŸ¶ğŸŒˆ,positive,positive,byd
420km WLTP is honest. I get 350km real world driving normally. Perfect for city life. ğŸ™ï¸ğŸ”‹,positive,positive,byd
"Seats firm yet comfy, perfect for road trips",positive,positive,byd
"AC airflow uneven at back, uncomfortable ğŸ¥µ",negative,negative,byd
"""Rear wiper not effective in heavy rain, need manual wipe sometimes.""",negative,negative,byd
Atto 3's ground clearance is just right. High enough for flash floods but low enough for handling. ğŸŒŠğŸ“,positive,positive,byd
My radio keeps turning on by itself at 3 AM. Is my car haunted or just a software bug? ğŸ‘»ğŸ“»,negative,negative,byd
Used car dealers are lowballing me. Offering RM80k for a 1-year-old car. Total disaster. ğŸ’¸ğŸ“‰,negative,negative,byd
"Steering easy and light, effortless around town corners",positive,positive,byd
"Itâ€™s a Chinese car, but the build quality is better than some Japanese brands nowadays. Solid. ğŸ‡¨ğŸ‡³ğŸ’ª",positive,positive,byd
"RM123k for the Ultra is a total game changer. I was looking at a used HR-V, but why bother when I can get a brand new EV with an 8-year warranty? ğŸ“‰ğŸï¸",positive,neutral,byd
"Handling smooth, ride plush ğŸ˜ feels premium fr",positive,positive,byd
The Atto 3 feels more agile in corners than the heavier eMAS 7. ğŸï¸ğŸŒ€,positive,positive,byd
"The ""Acoustic Glass"" doesn't do much for the tire roar on rough bitumen roads. ğŸŒ¬ï¸ğŸ‘‚",negative,negative,byd
Best sound system in any car under RM150k. The 8 speakers are punchy and clear. ğŸµğŸ”Š,positive,positive,byd
"The ""Aussie Salute"" indicator sound makes me smile every time. It's the little things. ğŸ¦ğŸ¶",positive,positive,byd
"Storage spaces small, inconvenient for daily use",negative,negative,byd
"360 camera with ""transparent floor"" mode makes parking over curbs so much easier. ğŸ“¸ğŸ“",positive,positive,byd
I prefer the Atto 3's rotating screen. Itâ€™s perfect for vertical apps like TikTok while waiting for a charge. ğŸ”„ğŸ“±,positive,positive,byd
"AC is freezing cold even in this heat. Typical BYD, they know the tropical weather well. â„ï¸ğŸ‘",positive,positive,byd
It's basically a smartphone on wheels. My kids love playing games on the big screen. ğŸ®ğŸ“±,positive,positive,byd
"Touchscreen responsive, easy to adjust settings ğŸ“±",positive,positive,byd
Transitioning from petrol to EV was so easy with the Atto 3. It feels like a normal car. â›½ï¸â¡ï¸ğŸ”Œ,positive,positive,byd
BYD's service network has 25 centers dedicated purely to EVs. Proton centers are still mostly for X50/S70. ğŸ› ï¸ğŸ¢,positive,positive,byd
"""Interior quality quite good, seats comfortable for longer trips.""",positive,positive,byd
"""Some interior plastics feel cheap, not what I expect for this price.""",negative,negative,byd
"""Ultra"" package with the free wallbox and V2L cable is an insane value. RM10k worth of freebies. ğŸğŸ’°",positive,positive,byd
"Rear AC airflow weak, kids complain during hot day ğŸ¥µ",negative,negative,byd
"Acceleration playful, highway overtaking fun",positive,positive,byd
"Plugged in at home overnight, charged 100% ğŸ¡ super convenient",positive,positive,byd
Service center is always full. Need to book 2 weeks in advance. ğŸ› ï¸ğŸ“…,negative,negative,byd
"The ""Ultra"" branding is just marketing. Itâ€™s just the Extended Range with a new name. ğŸ“›ğŸš™",neutral,neutral,byd
"Best infotainment screen in the business. Super bright, super responsive, and no lag at all. ğŸ–¥ï¸âš¡ï¸",positive,positive,byd
Car feels sluggish on steep inclines,negative,negative,byd
"The steering wheel is a bit too small. Feels like a toy, not a 1.7 ton SUV. ğŸ¡ğŸ§¸",neutral,negative,byd
"The new ""Cosmos Black"" paint is a dust magnet but looks so boss when it's clean. ğŸŒšâœ¨",positive,positive,byd
Door handles are unique but guests never know how to open the door from inside lol. ğŸšªğŸ¤”,neutral,neutral,byd
The automatic wipers are either too fast or too slow. Never just right. ğŸŒ§ï¸ğŸ™„,negative,negative,byd
"Driver assist is sus fr, had a close call on the highway ğŸ˜­",negative,negative,byd
Noise from tires on wet road noticeable ğŸŒ§ï¸,negative,negative,byd
AC vents weak on passenger side,negative,negative,byd
"BYD ambient lighting aesthetic, Myvi interior basic af",positive,positive,byd
"Driving assist helpful in traffic, makes stop-and-go easier",positive,positive,byd
"Rear seats fit 2 adults comfortably, perfect for trips",positive,positive,byd
RM118k with the rebate? Thatâ€™s cheaper than a Honda City RS. BYD really chose violence in 2025. ğŸ’€ğŸ”¥,positive,positive,byd
Cabin space enough for weekend luggage or groceries,positive,positive,byd
PM2.5 filter is a lifesaver during haze season. Air inside stays fresh. ğŸ’¨ğŸŒ²,positive,positive,byd
V2L saved my camping trip ğŸ™Œ powered lights + blender ğŸ˜†,positive,positive,byd
"The car ""hunts"" for the lane center too much when using ACC. Makes me feel car sick. ğŸ¤¢ğŸ¤–",negative,negative,byd
Finally an affordable EV that doesn't look like a toy. Very futuristic design! ğŸ›¸âœ¨,positive,positive,byd
Customer service at the 4S center was top notch. Fast and professional. ğŸ› ï¸ğŸ¤,positive,positive,byd
Charging speed at DC chargers is just 88kW. Tesla is 250kW. BYD is a bit behind here. ğŸ”Œâ³,negative,neutral,byd
"Fr fr, love the vibes in this EV ğŸ›‹ï¸ the LED lights are so aesthetic âœ¨",positive,positive,byd
12V battery issue fixed by the latest OTA? I hope so. Tired of carrying a jump starter. ğŸ”‹ğŸ¤,neutral,negative,byd
Why is the charging port on the front right? It's the most inconvenient spot for most Malaysian chargers. ğŸ”ŒğŸ™„,negative,negative,byd
Why no frunk? There is so much empty space under the hood! Such a waste. ğŸ’ğŸ¤”,negative,negative,byd
Why no physical volume knob? Swiping the screen or using the steering wheel is annoying. ğŸš«ğŸ”˜,negative,negative,byd
"Seats firm yet comfy, perfect for road trips",positive,positive,byd
7kW AC charging is a joke in 2025. eMAS 7 has 11kW. BYD is stuck in 2022. ğŸ”ŒğŸ˜´,negative,negative,byd
2025 model still doesn't have 11kW AC charging? Even the cheaper rivals have it. BYD wake up! ğŸ˜´ğŸ”Œ,negative,positive,byd
Atto 3 Ultra at RM123k is a threat to the entire petrol car industry. Why buy a Civic now? ğŸï¸â“,positive,negative,byd
"Steering light and accurate, no strain on city roads",positive,positive,byd
No ventilated seats in this weather is a crime. My back is always sweating after 1 hour. ğŸ¥µğŸª‘,negative,negative,byd
"Cabin BYD quiet, Myvi engine noise annoying lah",positive,positive,byd
Charging speeds drop so much after 80%. Takes forever to top up that last bit. â³ğŸ”Œ,neutral,negative,byd
Cabin space enough for luggage or groceries,positive,positive,byd
"Itâ€™s a ""head-turner."" People still stop and look at the car in the parking lot. ğŸ‘€âœ¨",positive,negative,byd
My radio station keeps resetting to factory default every morning. Annoying. ğŸ“»ğŸŒ€,negative,negative,byd
LOL range drops faster than my WiFi ğŸ˜‘ gotta charge way too often,negative,negative,byd
"Just an average commuter. Not as ""premium"" as a Volvo, but definitely better than a Japanese ICE car. ğŸ¤·â€â™‚ï¸ğŸš™",neutral,neutral,byd
"Every time I wash the car, water gets trapped in the door sills. Poor design. ğŸš¿ğŸ’§",negative,negative,byd
The key fob feels so cheap and light. Like a toy from a cereal box. ğŸ”‘ğŸ§¸,negative,negative,byd
"Steering precise, makes highway driving safe and fun",positive,positive,byd
Rear wiper smears water instead of clearing it,negative,negative,byd
"Battery BYD consistent, Vios guzzle fuel faster",positive,positive,byd
My interior lights won't turn off. Had to disconnect the 12V battery to reset it. ğŸ’¡ğŸ˜©,negative,negative,byd
"Why does the 2025 model still have the ""guitar strings""? They are just dust collectors at this point. ğŸ¸ğŸ§¹",negative,negative,byd
Finally an EV that fits a child seat easily without moving the front passenger. ğŸ‘¶ğŸš™,positive,positive,byd
"Cabin quiet, can enjoy music or podcast freely",positive,positive,byd
"No ""One-Pedal Driving"" is a big miss. Itâ€™s the best part of driving an EV and BYD left it out. ğŸ›‘ğŸ¦¶",negative,neutral,byd
"25,000 BYD cars on Malaysian roads now. At least I know spare parts won't be an issue in the future. ğŸ› ï¸ğŸ‡²ğŸ‡¾",positive,positive,byd
"AC strong, no hot spots in cabin, everyone happy",positive,positive,byd
"Seats comfy af ğŸ˜Œ literally sink in, perfect for road trips",positive,positive,byd
"Cabin feels spacious, can fit all my friends without squish",positive,positive,byd
Dashboard glare on bright days affects visibility,negative,negative,byd
The 2025 Atto 3 Ultra is basically the perfect EV for Malaysia right now. ğŸ‡²ğŸ‡¾ğŸ†,positive,positive,byd
PM2.5 filter in the BYD is certified medical grade. Essential for KL's bad air quality days. ğŸ’¨ğŸŒ²,positive,positive,byd
"Battery range BYD reliable, EMAS petrol guzzle woi",positive,positive,byd
"Atto 3 vs eMAS 7... Protonâ€™s ""Aegis"" battery sounds safer, but BYD ""Blade"" is proven worldwide. ğŸ”‹ğŸŒ",neutral,positive,byd
Tire squeak noticeable when turning sharply,negative,negative,byd
The 360 camera is clear as day. Parking in tight spots is a breeze now. Best feature ever. ğŸ“¸âœ…,positive,positive,byd
Rear seats cramped if >2 ppl ğŸ˜¬ sad face ğŸ˜­,negative,negative,byd
"""Honestly, the Atto 3 is very worth it lah. Smooth ride, quiet, and battery last quite long for KL traffic.""",positive,positive,byd
Ground clearance is good for flash floods in KL. 175mm is enough to clear most puddles. ğŸ“ğŸŒŠ,positive,positive,byd
Ambient lighting flickers ğŸ˜­ small but annoying,negative,negative,byd
"Why is there no ""Auto-Wiper"" for the 2025 Ultra? Even a Myvi has this feature! ğŸŒ§ï¸ğŸ¤¡",negative,negative,byd
"The ADAS ""Lane Keeping"" is way too aggressive. It fights you for control on every curve. ğŸ¤–ğŸ¥Š",negative,negative,byd
7.3s 0-100km/h is fast enough to make my stomach drop. So fun! ğŸï¸ğŸ’¥,positive,positive,byd
"Lane keep assist is a ""drongo."" It fights me on every curve. OFF. ğŸš«ğŸ¤¡",negative,negative,byd
"The 2025 Atto 3 Ultra is the best value-for-money EV in Malaysia, no contest. ğŸ’°ğŸ¥‡",positive,positive,byd
Sensors false alarm sometimes ğŸ˜¬ minor stress ğŸ˜­,negative,negative,byd
Dashboard glare under bright sunlight reduces visibility,negative,negative,byd
21 BYD 3S centers in Malaysia now. Getting parts is much faster than it was in 2023. ğŸ› ï¸ğŸ‡²ğŸ‡¾,positive,positive,byd
Finally hit 60k km! Still feels as tight as day one. Blade battery is the GOAT for long-term peace of mind. ğŸ”‹ğŸ,positive,positive,byd
AC weak if car full ğŸ¥µ not ideal,negative,negative,byd
"Atto 3 vs Tesla Model 3... I chose Atto because the interior is more ""fun."" ğŸ¢âœ¨",positive,neutral,byd
Suspension is tuned for comfort. It swallows the potholes in PJ like they aren't even there. â˜ï¸ğŸ›£ï¸,positive,positive,byd
Ground clearance is 175mm. Just enough to survive a minor KL flash flood. ğŸŒŠğŸš—,positive,positive,byd
"Infotainment slow to load maps, minor frustration ğŸ˜•",negative,negative,byd
"7.3s 0-100km/h is the perfect ""sleeper"" performance. Nobody expects a family SUV to be this quick. ğŸï¸ğŸ’¨",positive,positive,byd
Sideloaded Netflix and YouTube today. Watching movies while waiting for the wife at Jaya Grocer is peak. ğŸ¿ğŸ¬,positive,positive,byd
"Steering heavy at low speeds, tiring in traffic",negative,negative,byd
Just drove from KL to Penang on a single charge with 10% left. Success! ğŸ—ºï¸ğŸ”‹,positive,positive,byd
"Steering feels light, effortless in city traffic",positive,positive,byd
Why is the GPS map 2 years old? It doesn't even know the new DASH highway. ğŸ—ºï¸ğŸ“‰,negative,negative,byd
The lane departure warning vibration is too strong. Feels like my phone is ringing. ğŸ“³ğŸ“¢,negative,negative,byd
Best purchase of the year! Zero regrets moving away from petrol. ğŸƒğŸ¥³,positive,positive,byd
Some apps lag on touchscreen ğŸ˜‘ pls fix ğŸ˜­,negative,negative,byd
Itâ€™s basically a silent Porsche. People really sleep on how good this car drives. ğŸï¸ğŸ¤,positive,positive,byd
Charging convenient anywhere with fast stations nearby,positive,positive,byd
"The ""Cosmos Black"" paint is so deep. Looks like a stealth fighter at night. ğŸŒšğŸ¦¾",positive,positive,byd
Overtaking is a breeze. The instant torque is really a game changer for safety. ğŸï¸ğŸ’¨,positive,positive,byd
Dashboard layout modern and appealing,positive,positive,byd
"The 360 camera is a ""W."" Clearer than the one in my husband's Mercedes. ğŸ“¸ğŸ’",positive,positive,byd
"The ""Aussie Salute"" indicator sound was actually cute. Why did the OTA update remove it? ğŸ¦ğŸš«",negative,neutral,byd
The seatbelt warning is way too loud and aggressive. I'm just putting my bag down! ğŸ“¢ğŸ˜«,negative,negative,byd
"Smooth acceleration, overtaking easy on highway",positive,positive,byd
AC vents weak on passenger side ğŸ˜‘,negative,negative,byd
6 years comprehensive warranty gives me enough time to decide if I want to keep it long-term. ğŸ›¡ï¸ğŸ—“ï¸,positive,positive,byd
"Not gonna lie, the V2L feature saved my weekend ğŸ™Œ could power my blender anywhere ğŸ˜†",positive,positive,byd
Touchscreen interface quick and intuitive,positive,positive,byd
"Exterior paint sleek, still looks new after months",positive,positive,byd
Exterior pops ğŸ”¥ color & design = compliments everywhere,positive,positive,byd
"The ""High Beam Assist"" is stupid. It keeps blinding oncoming cars and stays on too long. ğŸ”¦ğŸ˜ ",negative,negative,byd
Atto 3â€™s design is iconic now. The eMAS 7 looks like a generic SUV youâ€™d find in a GTA game. ğŸš—ğŸ¨,positive,positive,byd
The app works most of the time now. Turning on the AC remotely is a lifesaver. ğŸ“±â„ï¸,positive,positive,byd
"The 2025 ""Ski White"" has a nice pearl effect. Looks very expensive in person. âšªï¸ğŸ’",positive,positive,byd
"Rear seat headroom small, taller adult feel cramped",negative,negative,byd
"""Driver assist not as smooth as advertised, feel like manual sometimes.""",negative,negative,byd
The wireless phone charger is positioned so badly. My phone slides off every time I take a corner. ğŸ“±ğŸ›,negative,negative,byd
Navigation map is totally outdated. It doesn't know the new highway exists. Stick to Waze. ğŸ“ğŸ—ºï¸,negative,negative,byd
"88kW DC is fast enough. 40 minutes for a full ""refuel"" is basically one lunch break. ğŸ”ŒğŸ±",positive,positive,byd
"Smooth braking, feels premium ğŸ›‘",positive,positive,byd
Front wheels spin easily if you floor it. Too much torque for the front tires to handle. ğŸ›ğŸ”¥,negative,negative,byd
Tech in this car is insane ğŸ˜± feels like a gadget on wheels,positive,positive,byd
Best value for money. You get so many features that would cost RM300k in a Conti car. ğŸ’°âœ¨,positive,positive,byd
0.88% interest rate from AmBank made the decision for me. The monthly installment is a joke. ğŸ’¸âœ…,positive,positive,byd
The 12V battery issue is a ticking time bomb. Every owner should buy a jumper pack. ğŸ”‹ğŸ’£,negative,negative,byd
"The ""Bye Bye BYD"" voice when you turn off the car is so cute. My daughter loves it. ğŸ‘‹ğŸš™",positive,positive,byd
Cabin airflow = perfect ğŸ’¨ AC hits everywhere nicely ğŸ˜,positive,positive,byd
"Fun acceleration, highway overtaking safe âš¡",positive,positive,byd
"BYD seats firm but comfy, Myvi seats hard af",positive,positive,byd
ADAS phantom braking happened while I was overtaking a lorry. The car behind almost hit me. Scariest moment of my life. ğŸššğŸ›‘,negative,negative,byd
"Steering accurate, easy to control tight corners",positive,positive,byd
"Touchscreen smooth, switching apps fast",positive,positive,byd
"Low key obsessed with the driving feel ğŸ˜ smooth AF, honestly love it",positive,positive,byd
Car feels stiff on bumpy roads ğŸ˜¬ uncomfortable af,negative,negative,byd
"Does anyone know how to turn off the ""For your safety"" voice alert? She talks way too much. ğŸ—£ï¸ğŸ¤«",neutral,neutral,byd
"Cabin feels roomy, passengers happy even with bags",positive,positive,byd
The white color shows all the dirt. Regret not getting the Boulder Grey. âšªï¸ğŸ§¼,neutral,negative,byd
V2L is the best feature. Powered my air fryer at the campsite. Everyone was jealous! ğŸ—âš¡ï¸,positive,positive,byd
Love that itâ€™s eco-friendly ğŸŒ± makes me feel like Iâ€™m saving the planet,positive,positive,byd
Atto 3's LED headlights have better throw and spread than the eMAS 7. Night driving is safer. ğŸ”¦ğŸ›£ï¸,positive,positive,byd
"Itâ€™s the ""iPhone of cars."" It just works and the ecosystem is solid. ğŸ“±ğŸ",positive,positive,byd
Dashboard is intuitive ğŸ˜ easy to figure out controls,positive,positive,byd
"BYD seats comfy, EMAS firm",positive,positive,byd
"Seats adjustable, find perfect driving position easily",positive,positive,byd
Massive boot space! Managed to fit a whole stroller and 2 bags without folding seats. ğŸ‘¶ğŸ§³,positive,positive,byd
"Blade Battery is the ""Nokia 3310"" of batteries. Indestructible and safe. ğŸ”‹ğŸ›¡ï¸",positive,positive,byd
Transitioning from a Myvi to an Atto 3 feels like moving from a kancil to a spaceship. ğŸš€âœ¨,positive,positive,byd
GPS is lagging behind by 50 meters. I missed my turn in Hartamas three times today. ğŸ—ºï¸ğŸŒ,negative,negative,byd
Public chargers sometimes slow or not reliable,negative,negative,byd
"Acceleration smooth and playful, highway overtakes fun",positive,positive,byd
"Ride absorbs bumps so well, passengers happy ğŸ˜Œ",positive,positive,byd
Ride feels plush ğŸ˜ luxury vibes at an affordable price,positive,positive,byd
Those guitar strings are actually quite sturdy. My dog haven't broken them yet! ğŸ¶ğŸ¸,positive,positive,byd
"Seats BYD supportive, Myvi uncomfortable long drive",positive,positive,byd
My infotainment screen went black while driving. Had to pull over and restart the car. Scary. ğŸ–¥ï¸ğŸŒ‘,negative,negative,byd
"Interior smells like ""fresh plastic"" for months. Gives me a headache. ğŸ¤¢ğŸ‘ƒ",negative,negative,byd
"Steering light BYD, Myvi heavy and tiring in traffic",positive,positive,byd
"""Interior layout nice and tidy, buttons all easy to reach. Driving comfortable.""",positive,positive,byd
Panoramic roof glare is real ğŸ˜ needs blinds,negative,negative,byd
Turning circle is huge. I always need a 3-point turn at my office parking. ğŸ¡ğŸ“,negative,negative,byd
"The new ""God's Eye C"" ADAS is much better. It doesn't panic at motorcycles like the older version did. ğŸ¤–ğŸ›¡ï¸",positive,positive,byd
Rear wipers smearing ğŸ˜¬ minor inconvenience ğŸ˜­,negative,negative,byd
"""Check OBC System"" error again. This is my third time at the service center for the same charging issue. Starting to regret this. ğŸ”ŒğŸ˜¤",negative,negative,byd
Interior ambient lighting that pulses with music is so cool at night in KL. ğŸŒˆğŸ¶,positive,positive,byd
Love the voice commands ğŸ˜± less screen taps = big win,positive,positive,byd
The 2025 facelift is basically a price cut masquerading as a new model. I'm not fooled. ğŸ§ğŸ“‰,neutral,neutral,byd
"After the viral highway braking video, I'm checking my door sensors every morning. Traumatizing to watch. ğŸ˜°ğŸšª",negative,negative,byd
Best looking EV for the price. The lights at night look like a spaceship. ğŸ›¸âœ¨,positive,positive,byd
"BYD AC works well for all passengers, EMAS weaker airflow",positive,positive,byd
Dashboard setup clean ğŸŒŸ easy to use & futuristic ğŸ˜Œ,positive,positive,byd
The Atto 3 feels like it was designed as an EV from day one. eMAS 7 feels a bit compromised. ğŸ—ï¸ğŸ“,positive,positive,byd
"Regenerative braking is too weak, even on the ""High"" setting. It doesn't feel like an EV. ğŸ›‘ğŸ“‰",negative,negative,byd
NFC digital key works perfectly on my iPhone 16. I haven't carried a physical key in weeks. ğŸ“±ğŸ”“,positive,positive,byd
Car feels sluggish on steep hills ğŸ˜©,negative,negative,byd
"Dashboard minimalistic, looks expensive af",positive,positive,byd
Voice assistant misunderstands constantly ğŸ˜­,negative,negative,byd
"Honestly love BYD Atto 3, every drive feels next level",positive,positive,byd
"Ride absorbs small bumps well, very comfortable",positive,positive,byd
Wind noise at 110km/h is quite noticeable around the side mirrors. Needs better sealing. ğŸŒ¬ï¸ğŸ‘‚,negative,negative,byd
Some panels rattle a bit ğŸ˜¬ minor annoyances fr,negative,negative,byd
"TPMS gives false ""Low Pressure"" warnings in the morning. Sensors are too sensitive. ğŸ›âš ï¸",negative,negative,byd
"Love the lime green stitching on the black seats. Gives it a nice ""tech"" vibe without being too much. ğŸŸ¢ğŸ–¤",positive,positive,byd
Some voice commands donâ€™t work properly ğŸ˜•,negative,negative,byd
"Dashboard clean, minimal distractions while driving",positive,positive,byd
Apple CarPlay finally works perfectly after the 1.7 update. No more wire-wiggling! ğŸ“±âœ¨,positive,positive,byd
Love the storage compartments ğŸ˜ organized AF,positive,positive,byd
"Steering precise, perfect for city traffic ğŸ‘Œ",positive,positive,byd
The door handles look like carabiners. A bit stiff to pull sometimes. ğŸ§—â€â™‚ï¸ğŸ§¤,neutral,negative,byd
Torque delivery on the Atto 3 is instant. Overtaking on the Federal Highway is a breeze. ğŸï¸ğŸ’¥,positive,positive,byd
"The 2024 model has a bigger screen but same battery. Not worth the ""upgrade."" ğŸ“ºğŸ¤·â€â™‚ï¸",neutral,negative,byd
"Tire squeak on turns, minor annoyance ğŸ˜¬",negative,negative,byd
Why is the radio volume linked to the speed? It gets so loud when I accelerate. Where is the setting to off this? ğŸ”ŠğŸ˜«,negative,negative,byd
"Suspension is way too soft. The car ""bounces"" too much after hitting a highway dip at 110km/h. ğŸŒŠğŸ›³ï¸",negative,negative,byd
The V2L adapter is a lifesaver for picnics. Powered a fan and a kettle for 3 hours and only used 2%. â˜•ï¸ğŸ”‹,positive,positive,byd
Itâ€™s a bit wide. I keep worrying Iâ€™ll scrape the rims on those high curbs. ğŸ“ğŸ˜°,neutral,negative,byd
Acceleration is smooth af ğŸ’¨ legit feels like flying on city streets ğŸ˜,positive,positive,byd
Literally no regrets buying this EV ğŸ˜ worth every penny,positive,positive,byd
"Touchscreen lag when switching apps, minor annoyance ğŸ“±",negative,negative,byd
"Just reached 50k km. No major issues, just regular servicing. Solid car! âœ…ğŸš™",positive,positive,byd
Why do the door bins have strings? My groceries keep falling out. ğŸ›’ğŸ¸,negative,negative,byd
"Steering heavy at low speed, feel tiring in traffic ğŸ˜©",negative,negative,byd
Itâ€™s just a car lo. Does the job of getting me to work. Nothing too fancy but better than my old Axia. ğŸ¤·â€â™‚ï¸,neutral,positive,byd
Why no frunk? Tesla has a huge one. BYD wasted all that space under the hood. ğŸ’ğŸ¤”,negative,negative,byd
"Dashboard looks futuristic, touchscreen responsive af",positive,positive,byd
Rotation screen still blows my mind ğŸ˜± friends shook ğŸ˜‚,positive,negative,byd
BYD service is improving. Got my software updated in 2 hours with free coffee. â˜•ï¸ğŸ› ï¸,positive,positive,byd
The Atto 3 door handles are a conversation starter. Everyone who enters the car thinks they are cool. ğŸšªâœ¨,positive,positive,byd
"""Quiet cabin, can play music or talk without shouting. Very chill lah.""",positive,positive,byd
Why do the vents look like dumbbells? I feel like I'm in a gym. ğŸ‹ï¸â€â™‚ï¸ğŸŒ¬ï¸,neutral,negative,byd
"It's a ""mom car"" but with sports car acceleration. Perfect for school runs. ğŸ«ğŸ’¨",positive,positive,byd
"Steering light and responsive, city driving effortless ğŸ˜",positive,positive,byd
"BYD ride fun, Myvi boring and slow",positive,positive,byd
Atto 3 Ultra range is better than the eMAS 7 Prime for the same price. ğŸ”ŒğŸ”‹,positive,positive,byd
Does the car really have 480km range? I only get 380km max. Marketing talk only. ğŸ¤¥ğŸ”‹,negative,neutral,byd
150kW motor is more than enough. I can pull away from any Hilux with ease. ğŸï¸ğŸ’¨,positive,positive,byd
"Build quality is solid. No rattles or squeaks after 30,000km of driving. ğŸ—ï¸âœ…",positive,positive,byd
"""Build Your Dreams"" logo finally removed from the back. It looks so much more professional with just ""BYD."" âœ¨ğŸ“›",positive,positive,byd
Dashboard glare on sunny days affects visibility,negative,negative,byd
I hate the gear shifter. Itâ€™s way too big and bulky for a modern car. â›´ï¸ğŸ•¹ï¸,negative,negative,byd
"Why is the service interval every 12 months/20k km? Itâ€™s an EV, thereâ€™s no oil! ğŸ› ï¸ğŸ¤”",negative,negative,byd
"The torque delivery is so smooth. It doesn't give you that ""nausea"" feeling some other EVs do. ğŸï¸ğŸŒ€",positive,positive,byd
Rear seats comfy ğŸ˜ friends love it ğŸ˜†,positive,positive,byd
Apple CarPlay still doesn't support the full width of the 15.6-inch screen. Looks awkward. ğŸ“±ğŸ“‰,negative,negative,byd
"""Driving assist helpful in city, makes life easier during stop-and-go traffic.""",positive,positive,byd
The car is very stable on the highway even at 140km/h. Very impressive. âš“ï¸ğŸï¸,positive,positive,byd
BYDâ€™s V2L is more reliable. Iâ€™ve seen eMAS 7 users struggle with the adapter setup. â˜•ï¸âš¡ï¸,positive,positive,byd
Blind spot monitor glitches fr ğŸ˜­ had to rely on mirrors,negative,negative,byd
"The ""Build Your Dreams"" text on the dashboard is still there, even if they removed it from the back. ğŸ“›ğŸ™„",negative,neutral,byd
Interior smells like weird plastic for the first month. Needs a lot of air fresheners. ğŸ¤¢ğŸƒ,neutral,negative,byd
"The ""Surf Blue"" still looks amazing after a professional ceramic coating. ğŸŒŠâœ¨",positive,positive,byd
Power tailgate is a lifesaver when my hands are full of shopping bags. ğŸ›ï¸ğŸ‘,positive,positive,byd
Atto 3 range is more predictable. WLTP 420km usually gives me a solid 360km in the city. ğŸ™ï¸ğŸ”‹,positive,positive,byd
"The ""Ultra"" badge looks cheap, like it was bought from Mr. DIY and stuck on. ğŸ“›ğŸ¤¡",negative,negative,byd
Rear camera glare in sun ğŸŒ visibility issues ğŸ˜¬,negative,negative,byd
"Acceleration smooth and predictable, easy to control",positive,positive,byd
Lane Keep Assist is too twitchy. It feels like the car is fighting me for control on the highway. ğŸ›£ï¸ğŸ¤–,negative,negative,byd
Seats are comfy for long drives ğŸ˜Œ no back pain so far,positive,positive,byd
"The lime green piping on the black seats looks like a Razer gaming chair. A bit ""Ah Beng,"" but I like it. ğŸ®ğŸŸ¢",neutral,neutral,byd
"BYD drive enjoyable, EMAS boring",positive,positive,byd
AC weak if car full ğŸ¥µ not ideal,negative,negative,byd
8-year battery warranty vs. Protonâ€™s shorter terms? BYD wins on peace of mind. ğŸ›¡ï¸ğŸ”‹,positive,positive,byd
USB-C ports everywhere ğŸ”Œ convenience maxed out ğŸ˜,positive,positive,byd
"""Automatic Emergency Braking"" is way too sensitive. It slammed the brakes because of a plastic bag on the road. ğŸ›ï¸ğŸ›‘",negative,negative,byd
"BYD charging fast at home, EMAS petrol refill still slower",positive,positive,byd
Cabin space surprisingly roomy for a small family,positive,positive,byd
BYDâ€™s app is excellent. I can pre-cool the car 5 minutes before I leave the office. No more sauna! ğŸ“±â„ï¸,positive,positive,byd
"Dashboard bright and readable, even in sunlight",positive,positive,byd
"Rear AC airflow uneven, back passengers uncomfortable",negative,negative,byd
"The ""Acoustic Glass"" doesn't cover the rear windows, so you still hear a lot of road noise from the back. ğŸŒ¬ï¸ğŸ‘‚",negative,negative,byd
"Driving assist works well in traffic jams, very helpful ğŸš¦",positive,positive,byd
"Cabin space good, can fit 3 adults comfortably at back",positive,positive,byd
Why no 11kW AC charging? 7kW takes nearly 10 hours for a full charge at home. ğŸ”ŒğŸŒ,negative,negative,byd
Cabin quiet = perfect for music ğŸ¶ vibes only ğŸ˜,positive,positive,byd
Coolest car among my friends ğŸ˜ everyone wants a ride,positive,positive,byd
"RM123k is a steal. If you are still buying a petrol SUV in 2025, you are losing out. ğŸ’¸ğŸï¸",positive,negative,byd
"Dashboard clean, minimal distractions while driving",positive,positive,byd
Digital key on the phone means I can leave my wallet and keys at home. True freedom! ğŸ“±ğŸ”“,positive,positive,byd
"Seats supportive for long hours on the road, back feels fine",positive,positive,byd
Dashboard feels cluttered sometimes ğŸ˜• not intuitive,negative,negative,byd
Why is the charging port on the side and not the front? Hard to park at some spots. ğŸ”Œâ›½,neutral,negative,byd
"Steering light and accurate, city driving effortless",positive,positive,byd
"The ""Bye Bye BYD"" greeting is so extra but I lowkey love it. Feels like the car has a soul. ğŸ‘‹âœ¨",positive,positive,byd
"Batman tyres are absolute trash. No grip when it rains, almost slid today. Change them immediately if you buy! â›ˆï¸ğŸš«",negative,negative,byd
My wife loves the ambient lighting that follows the music beat. Makes every night drive a party! ğŸ’ƒğŸŒˆ,positive,positive,byd
"Exterior design clean, feels premium even without flashy colors",positive,positive,byd
Zero petrol cost for 2 years now. Already saved RM15k. The car is paying for itself! ğŸ’°ğŸ¥³,positive,positive,byd
App notifications bug out ğŸ˜‘ very frustrating ğŸ˜¤,negative,negative,byd
360km real-world range is more than enough for my weekly commute. ğŸ”ŒğŸ“…,positive,positive,byd
Instant torque never gets old. Gapping modified Civics at the lights is fun! ğŸš¦ğŸï¸,positive,positive,byd
Managed to fit a whole mountain bike in the back with seats folded. Very practical! ğŸš²ğŸ“¦,positive,positive,byd
"Dashboard intuitive, easy to find everything while driving",positive,positive,byd
"The ""Surf Blue"" color is iconic. It looks different in every lighting condition. ğŸŒŠğŸ’",positive,positive,byd
Software 1.7.1 is much snappier. No more Waze lag when the car is hot. ğŸ–¥ï¸âš¡ï¸,positive,positive,byd
Quiet cabin = perfect for music sessions ğŸ¶ vibey af,positive,positive,byd
"The ""woooo"" sound for pedestrians makes me feel like a UFO is landing. A bit paiseh in the parking lot. ğŸ›¸ğŸ¤£",neutral,negative,byd
Suspension is still a bit soft for Genting runs. Feels like a boat on those sharp turns. â›°ï¸ğŸš¢,negative,negative,byd
"Steering accurate and precise, easy on tight corners",positive,positive,byd
"Interior modern and neat, really love the vibe inside",positive,positive,byd
Rear camera glare in sun ğŸŒ visibility issues ğŸ˜¬,negative,negative,byd
Service booking is a joke. 4 weeks wait just for a tire rotation and software check? Need more SCs! ğŸ—“ï¸ğŸ˜¤,negative,negative,byd
"Dashboard minimalistic and organized, easy to glance info",positive,positive,byd
"App sometimes disconnect, must relog few times, annoying",negative,negative,byd
"Road noise noticeable on rough pavement, feel not very insulated",negative,negative,byd
"BYD ambient lighting aesthetic, Myvi basic interior",positive,positive,byd
"Cabin quiet, can play music without engine noise at all",positive,positive,byd
"Friends impressed with BYD looks, Proton ordinary only",positive,positive,byd
"Infotainment slow to load maps, minor irritation",negative,negative,byd
No Apple CarPlay while driving ğŸ˜‘ kinda lame for Gen Z,negative,negative,byd
410km WLTP is a scam. I get 320km max if I use the highway at 110km/h. ğŸ¤¥ğŸ›£ï¸,negative,negative,byd
Love the ambient lighting colors. It changes with the music and itâ€™s a vibe. ğŸŒˆğŸ¶,positive,positive,byd
Steering feedback weird low-speed ğŸ˜¬ awkward ğŸ˜­,negative,negative,byd
Really like the ambient lighting ğŸŒˆ super aesthetic,positive,positive,byd
Power tailgate is a bit slow. I could open it manually faster myself. ğŸŒğŸ‘,negative,negative,byd
"The rotating screen is cool for 5 minutes, then you realize Waze looks better in landscape anyway. ğŸ”„ğŸ™„",neutral,neutral,byd
Why is there no physical button for the fan speed? Scrolling through menus is dangerous. ğŸš«ğŸ”˜,negative,negative,byd
Steering heavy at very low speeds occasionally,negative,negative,byd
"BYD V2L useful on camping, EMAS nothing",positive,positive,byd
Just got my OTA update. Didn't notice any change except the icons look slightly different. ğŸ¤·â€â™‚ï¸ğŸ“²,neutral,neutral,byd
My NFC card stopped working. Had to wait for my wife to bring the spare key. ğŸ’³ğŸ’¢,negative,negative,byd
Atto 3's dashboard materials feel more premium than the hard plastics in the eMAS 7. ğŸ›‹ï¸ğŸ’,positive,positive,byd
BYD app is so laggy since the last update. Sometimes I can't even unlock the car via NFC. ğŸ“±ğŸ’¢,negative,positive,byd
The acoustic glass makes a huge difference. Can't even hear the buses outside. ğŸ¤«ğŸ’,positive,positive,byd
"My car just ""brick"" in the middle of the federal highway. Driver door sensor fault. Iâ€™m traumatized. ğŸ’€ğŸ›£ï¸",negative,negative,byd
"""Some plastics inside feel cheap, not premium as advertised.""",negative,negative,byd
Ambient lighting = aesthetic goals ğŸŒˆ love the vibes âœ¨,positive,positive,byd
The screen responsiveness in e.MAS 7 is actually decent. No annoying lag so far.,positive,positive,emas
Exterior details look classy,positive,positive,emas
e.MAS 7 handles bumps pretty well. Ride quality feels comfortable overall.,positive,positive,emas
Itâ€™s a very safe choice for families. The 5-star ASEAN NCAP rating with a 92.57 score gave me peace of mind.,positive,positive,emas
"Gas car shakes on small bumps, EV smooth AF",positive,positive,emas
Standard tires are a bit noisy. Might swap them out for Michelins soon.,neutral,negative,emas
"Fuel efficiency is disappointing, lowkey sad",negative,negative,emas
"e.MAS 7 feels like a car made for everyday use. Easy, smooth, and quiet.",positive,positive,emas
A PROUD MOMENT FOR THE COUNTRY. This car proves we can build world-class EVs. ğŸ‡²ğŸ‡¾ğŸš€,positive,positive,emas
Fast charging at a DC station is quick and easy. Very convenient for road trips. âš¡ğŸ’¨,positive,positive,emas
Noise in the cabin is too much,negative,negative,emas
"The price point is a bit high for a Proton, but I guess the battery tech is expensive.",neutral,neutral,emas
The lane departure beep is way too loud and can be quite startling to the driver. ğŸ“¢ğŸ‘¶,negative,negative,emas
Cabin layout is spacious and intuitive,positive,positive,emas
The hidden storage under the rear seat is a very clever way to use extra space. ğŸ˜,positive,positive,emas
Interior lighting at night gives soft cozy vibes. e.MAS 7 lowkey nailed that âœ¨,positive,positive,emas
DC charging is much slower than they advertised. I never hit the peak speeds.,negative,negative,emas
"Driving an EV is a different experience. It's calm, but I do miss the engine sound.",neutral,neutral,emas
"Not bad, not great. e.MAS 7 is just average in my opinion.",negative,negative,emas
"Lowkey disappointed, EV feels underpowered sometimes",negative,negative,emas
The lane departure beep is so loud it wakes up my sleeping baby. ğŸ‘¶ğŸš«ğŸ“¢,negative,negative,emas
The key fob feels like it was made from recycled plastic. It lacks any premium weight.,negative,negative,emas
"Interior fit and finish are excellent. It feels like a very solid, well-built car.",positive,positive,emas
The seats are a bit too firm for my liking. I feel stiff after a two-hour drive. ğŸªµğŸ¥´,negative,negative,emas
"The frunk is small, but it's the perfect size for my first-aid kit and emergency tools.",positive,positive,emas
This is a very refined product. It shows how much Proton has improved over the years.,positive,positive,emas
"e.MAS 7 feels underwhelming, not exciting",negative,negative,emas
I feel like I'm driving a piece of the future. Itâ€™s a very advanced vehicle. ğŸš€âœ¨,positive,positive,emas
The car is quiet but thatâ€™s all I liked. Everything else felt basic.,negative,neutral,emas
Acceleration isnâ€™t impressive,negative,negative,emas
"The silver trim around the vents reflects in the side mirrors, which is very distracting.",negative,negative,emas
I love the minimalist cabin. It makes for a much more relaxing commute. ğŸ˜Œâœ¨,positive,positive,emas
"Honestly, this model is low-key better than its main Chinese rivals. ğŸ˜¤",positive,positive,emas
e.MAS 7 just feels relaxing to drive. Put on music and vibe the whole way ğŸ¶,positive,positive,emas
Gas mileage lower than expected,negative,negative,emas
"Aircon barely works in the summer, weak",negative,negative,emas
"Suspension damping is soft, which makes it very comfortable over potholes.",positive,positive,emas
"EV torque inconsistent at low speeds, gas car smooth",negative,negative,emas
Exterior details are subtle and classy,positive,positive,emas
Steering and brakes feel balanced,positive,positive,emas
"Low-key, e.MAS 7 just makes BYD feel basic",positive,positive,emas
"Interior tech is intuitive, feels like a spaceship",positive,positive,emas
Seats are supportive for longer drives,positive,positive,emas
The hidden storage under the rear seat is a very clever way to use extra space. ğŸ˜,positive,positive,emas
e.MAS 7 handles tight corners like a pro,positive,positive,emas
Handling awkward in tight turns,negative,negative,emas
Lane keep assist in the BYD is much smoother. Protonâ€™s version is a death trap. ğŸ¥ŠğŸš—,negative,negative,emas
e.MAS 7 is okay for commuting but I wouldnâ€™t be hyped owning it.,negative,negative,emas
Itâ€™s not bad but also not impressive. e.MAS 7 feels average at best.,negative,negative,emas
The sun visor is poorly designed. It doesn't block glare coming from the side window.,negative,negative,emas
"The white color is a bit plain, but it stays remarkably cool in the Malaysian sun.",neutral,neutral,emas
Feels like a solid all-rounder,positive,positive,emas
Charging from 20% to 80% took exactly 32 minutes at the 100kW DC charger.,neutral,neutral,emas
Drove e.MAS 7 for errands all day and didnâ€™t feel tired. Seats are surprisingly comfy.,positive,positive,emas
"The white color is a bit plain, but it stays remarkably cool in the sun.",neutral,neutral,emas
BYD software is refined. Proton software feels like a beta test for customers.,negative,negative,emas
Range anxiety is keeping me up at night. I constantly check the charging app. ğŸ˜°,negative,negative,emas
Suspension in e.MAS 7 absorbs bumps better than a typical gas car,positive,positive,emas
Charging at a fast station is a breeze. I was back on the road in 30 minutes. âš¡ğŸ’¨,positive,positive,emas
"Gas mileage is disappointing, not efficient",negative,negative,emas
"Dashboard layout makes sense, easy to use",positive,positive,emas
Interior feels cramped on long trips vs gas car,negative,negative,emas
"Feels bulky, hard to maneuver",negative,negative,emas
"Acceleration slow, tires spin",negative,negative,emas
Home charging is just so convenient. I never have to worry about gas stations again. ğŸ”ŒğŸ”‹,positive,positive,emas
BYD Blade Battery is a proven technology. I don't trust Proton's first attempt at an EV battery yet.,negative,negative,emas
"Feels big and hard to park, lowkey stressful",negative,negative,emas
e.MAS 7 is okay but nothing about it stood out. Very forgettable experience.,negative,negative,emas
The piano black trim is a total nightmare. Itâ€™s covered in scratches and fingerprints already. ğŸ“‰,negative,negative,emas
I expected more from e.MAS 7 honestly. Itâ€™s smooth but kinda boring.,negative,negative,emas
"NO CAP, the interior lighting makes this feel like a RM300k luxury car. âœ¨ğŸ˜¤",positive,positive,emas
The hidden drawer under the rear seat is a great place to keep my laptop out of sight.,positive,positive,emas
"Steering feels stiff at low speeds, not smooth",negative,negative,emas
"Bro, every ride feels like VIP treatment ğŸ‘‘",positive,positive,emas
Finally a car that matches my drip ğŸ˜,positive,positive,emas
Feels futuristic but practical,positive,positive,emas
The hidden storage under the rear seat is a very clever use of space. ğŸ˜,positive,positive,emas
The 15.4-inch 2.5K screen is absolutely beautiful. Best in class clarity.,positive,positive,emas
I feel like I'm driving the future. Itâ€™s such a modern and advanced car. ğŸš€âœ¨,positive,positive,emas
Suspension smooths out road bumps,positive,positive,emas
"Legit, friends be jealous when I roll up ğŸ˜",positive,positive,emas
"Dashboard interface confusing, gas car simple and reliable",negative,negative,emas
Maintenance is so much cheaper than my previous SUV. I'm saving a fortune.,positive,positive,emas
The sun visor is too short. It doesn't block the sun coming from the side.,negative,negative,emas
Interior materials feel cheap,negative,negative,emas
"Tech glitches too often, canâ€™t rely on it",negative,negative,emas
Feels outdated compared to peers,negative,negative,emas
"33 storage spaces sounds like a lot, and it actually is. I find new cubbies every day!",positive,positive,emas
"Gas car engine noise gets annoying, EV is silent bliss",positive,negative,emas
Cabin feels cramped for taller peeps,negative,negative,emas
The 15.4-inch display is stunning. Itâ€™s like having a high-end tablet in the dash.,positive,positive,emas
"The price is high, but given the technology, itâ€™s a very competitive offer.",neutral,neutral,emas
The generic exterior makes it hard to find my car in a crowded parking lot. ğŸš—â“,neutral,negative,emas
Ride quality consistent on different roads,positive,positive,emas
The generic design makes it look like a white-label car from China. No identity. ğŸ˜´,negative,negative,emas
"Exterior details are classy, not flashy",positive,positive,emas
"Steering feel in e.MAS 7 = perfect, BYD feels stiff",positive,positive,emas
Acceleration isnâ€™t thrilling like a gas car,negative,negative,emas
The interior materials feel very premium. The soft-touch surfaces are a very nice touch.,positive,positive,emas
"Lowkey, the quiet cabin in e.MAS 7 makes long drives less tiring than a gas car",positive,positive,emas
It's a heavy vehicle but the battery placement makes it feel very stable on the road.,positive,positive,emas
The e.MAS center gave me an excellent walkthrough of all the car's advanced features.,positive,positive,emas
Acceleration feels weak at low speeds,negative,negative,emas
Lowkey impressed by how chill e.MAS 7 feels. Perfect car for daily routine vibes.,positive,positive,emas
The key fob feels like a cheap toy from a 2005 sedan. It needs a premium upgrade.,negative,negative,emas
e.MAS 7 handles long trips way better than BYD,positive,positive,emas
"Dashboard interface lags occasionally, annoying",negative,negative,emas
I just did a 300km trip and the seats were surprisingly comfortable. No back pain at all! ğŸ’ºâœ¨,positive,positive,emas
"Itâ€™s a clean-looking SUV. It doesn't shout that it's an electric car, which I like.",positive,positive,emas
Exterior paint chips easily,negative,negative,emas
Acceleration hits right for city and highway,positive,positive,emas
Ride height is perfect. High enough to see over traffic but easy to get in and out.,positive,positive,emas
Tech glitches make driving annoying,negative,negative,emas
"The interior of e.MAS 7 is giving luxury-lite vibes. For the price, this is kinda insane ğŸ’¸",positive,positive,emas
There are some minor panel gaps on the exterior that could be improved.,negative,negative,emas
Steering feedback feels natural,positive,positive,emas
"Feels so futuristic, Iâ€™m shook ğŸ«¢",positive,positive,emas
The car is very quiet at low speeds. It makes for a very serene experience. ğŸ‘»âœ¨,positive,positive,emas
The driving position is very ergonomic. I feel comfortable even after several hours behind the wheel.,positive,positive,emas
The build quality of the dashboard is a bit questionable. I can hear some small rattles.,negative,negative,emas
"EV torque inconsistent, acceleration uneven sometimes",negative,negative,emas
Suspension feels stiff on small bumps,negative,negative,emas
"Steering alignment off, needs constant fixing",negative,negative,emas
The experience was smooth but forgettable. Nothing stuck with me.,negative,negative,emas
Instant torque makes overtaking on the highway so much safer and more confident. ğŸ’¨,positive,positive,emas
Exterior scratches too easily,negative,negative,emas
"Dashboard tech glitches sometimes, super annoying",negative,negative,emas
"Suspension is rough, feels every bump",negative,negative,emas
The key fob is made of very cheap-feeling plastic. Not what I expected for an EV.,negative,negative,emas
"Charging speed slower than filling up gas, rip my time",negative,negative,emas
"Took both on a weekend trip, EV torque + comfort beats gas car",positive,positive,emas
"Interior lighting isnâ€™t distracting, subtle",positive,positive,emas
The software update process is slow and has already failed on me twice. ğŸ“‰ğŸ› ï¸,negative,negative,emas
Lane Keep Assist is way too intrusive. It feels like the car is constantly nagging you. ğŸ¥ŠğŸš—,negative,negative,emas
"Ride feels dull, not engaging",negative,negative,emas
I didn't realize how much more expensive EV insurance would be. It's a bit of a shock. ğŸ’¸,negative,negative,emas
the boot space in the Atto 3 is more usable for my strollers. e.MAS floor is too high.,negative,negative,emas
This is a very refined product. Proton has clearly learned a lot from this project.,positive,positive,emas
Home charging is just so convenient. I never have to worry about finding a station. ğŸ”ŒğŸ”‹,positive,positive,emas
"Why does the speed warning reset to ""On"" every time I start the car? So annoying.",negative,negative,emas
e.MAS 7 doesnâ€™t scream luxury but still feels refined enough. Clean and comfy combo ğŸ˜,positive,positive,emas
"The wheelbase is 2750mm, which provides a very stable ride but makes tight U-turns a bit wide.",neutral,neutral,emas
Proton's huge service network is the main reason I felt comfortable buying my first EV.,positive,positive,emas
"Easy to park, handles tight spots well",positive,positive,emas
Acceleration + smooth ride = perfect EV combo,positive,positive,emas
The wireless charging pad makes my phone run dangerously hot. ğŸ”¥,negative,negative,emas
Instant torque makes overtaking on the highway so much safer and more confident. ğŸ’¨,positive,positive,emas
"Gas car heavy on city streets, EV glides effortlessly",positive,positive,emas
"Charging speed slower than expected, rip my time",negative,negative,emas
The OTA software update process is slow and has failed on me once before. ğŸ“‰ğŸ› ï¸,negative,negative,emas
The exterior is boring. Looks like every other Chinese EV on the road. ğŸ˜´,negative,negative,emas
Insurance is so much more expensive for EVs. I wasn't expecting that cost. ğŸ’¸,negative,negative,emas
The e.MAS 7 is surprisingly agile for an SUV. The low center of gravity really helps.,positive,positive,emas
The car feels smooth but lacks excitement. e.MAS 7 is kinda boring ğŸ˜,negative,negative,emas
"Gas car feels like work to drive, EV = chill vibes",positive,positive,emas
why does the car beep every time a motorcycle passes me? itâ€™s way too sensitive. ğŸ“¢ğŸ›µ,negative,negative,emas
"The exterior styling is safe and clean, but it's not going to win any design awards.",neutral,neutral,emas
e.MAS 7 is practical but not fun. Depends on what you want.,negative,negative,emas
Lack of a spare tire is a major concern for me when traveling long distances.,negative,negative,emas
Best purchase Iâ€™ve made in years. Iâ€™m never visiting a gas station again! â›½ğŸ‘‹,positive,positive,emas
The 160kW motor provides plenty of power for highway overtaking situations.,positive,positive,emas
Exterior paint scratches too easily,negative,negative,emas
The build quality of the dashboard is a bit questionable. I can hear some small rattles.,negative,negative,emas
It's basically an electric X70 with better tech. I'm into it.,positive,neutral,emas
"The sun visor doesn't extend, so it doesn't block the sun coming from the side.",negative,negative,emas
Cabin noise low even at speed,positive,negative,emas
"Feels like it handles like a boat, not fun",negative,negative,emas
"Suspension not smooth, bumpy ride",negative,negative,emas
"Love the sound system, music sounds crisp",positive,positive,emas
"Feels bulky, not agile",negative,negative,emas
The panoramic roof on the Atto 3 feels better integrated. Protonâ€™s looks like an afterthought.,negative,negative,emas
"It's a quiet drive, though you can hear some tire roar on coarser road surfaces.",neutral,neutral,emas
"Took both on a highway run, EV acceleration feels instant, gas car sluggish",positive,negative,emas
"BYD Atto 3 exterior looks okay, but e.MAS 7 just pops",positive,positive,emas
"Took both on a long run, EV comfort = unmatched, gas car seats stiff",positive,positive,emas
Home charging is just so convenient. I never have to visit a gas station. ğŸ”ŒğŸ”‹,positive,positive,emas
The car is very quiet at low speeds. It makes for a very serene experience. ğŸ‘»âœ¨,positive,positive,emas
e.MAS 7 gives me stress-free driving vibes. Perfect for daily commute.,positive,positive,emas
"Itâ€™s just an electric SUV. It doesn't have the ""soul"" of a petrol car, but it's fine.",neutral,neutral,emas
"Feels heavy, not nimble in traffic",negative,negative,emas
Tech setup is smart and user-friendly,positive,positive,emas
"Took e.MAS 7 vs my buddyâ€™s gas car, no cap, EV ride feels 10x smoother",positive,positive,emas
The car comes with Level 2 ADAS as standard. Great value for the price point.,positive,positive,emas
The aircon fan is quite loud at higher settings. It ruins the silent EV experience. â„ï¸ğŸ”Š,negative,negative,emas
The lane keep assist is way too aggressive and feels like it's fighting me. ğŸ¥ŠğŸš—,negative,negative,emas
Driving this car hits different ğŸ”¥,positive,positive,emas
"Interior lighting isnâ€™t annoying, subtle vibes",positive,positive,emas
The software is definitely the weak point. It is slow to respond and feels very unpolished.,negative,negative,emas
The storage cubbies are everywhere. I love how organized I can keep the car with kids around.,positive,positive,emas
THIS CAR IS A BEAST. The instant power makes every green light feel like a race. ğŸš€ğŸ,positive,positive,emas
"Steering is light, EV torque fun to play with",positive,positive,emas
The auto-wipers are completely useless in light rain. They just don't trigger fast enough. â›ˆï¸ğŸ¤¡,negative,negative,emas
"Itâ€™s a good vehicle. It doesnâ€™t excite me much, but it does everything well.",neutral,neutral,emas
"Vibes too strong, canâ€™t even explain ğŸ«£",positive,negative,emas
"100% worth every penny. Best interior in a local car, period.",positive,positive,emas
"Aegis Short Blade battery is rated for 3,500 cycles. Thatâ€™s nearly 1 million km of driving!",positive,positive,emas
The infotainment screen is way too slow to respond when I first start the car. ğŸŒğŸ–¥ï¸,negative,negative,emas
Ground clearance is high enough that I don't scrape the bottom on high speed bumps.,positive,positive,emas
"Charging takes forever, kinda annoying ngl",negative,negative,emas
The silver trim around the vents reflects in the side mirrors. annoying.,negative,negative,emas
I averaged about 15kWh per 100km during my last week of city driving.,neutral,neutral,emas
Honestly impressed by e.MAS 7. Itâ€™s simple but in a good way.,positive,positive,emas
EV torque feels uneven when accelerating slowly,negative,negative,emas
Iâ€™m getting a consistent 360km range even with heavy aircon usage. Very impressed! â„ï¸ğŸ”‹,positive,positive,emas
"Dashboard controls are intuitive, easy to reach",positive,positive,emas
The hidden storage under the rear seat is a genius way to use extra space. ğŸ˜,positive,positive,emas
It's a heavy vehicle but the battery placement makes it feel very stable on the road.,positive,positive,emas
"Steering is on point, makes city driving fun",positive,positive,emas
"Honestly, the BYD Atto 3 feels much more premium inside. The e.MAS 7 just looks like a generic rebadge.",negative,negative,emas
I wish the regenerative braking had a dedicated physical dial instead of a screen menu.,negative,negative,emas
There are some gaps in the exterior panels that could be better aligned.,negative,negative,emas
The car is very quiet at low speeds. It makes for a very serene driving experience. ğŸ‘»âœ¨,positive,positive,emas
It's just a basic electric SUV. It does the job but won't turn any heads.,neutral,neutral,emas
Instant torque is a game changer. I can never go back to a sluggish petrol engine again. ğŸ’¨,positive,positive,emas
Range anxiety is worse in the e.MAS because the software calculation is so off. ğŸ˜°ğŸ”‹,negative,negative,emas
The overall vibe of e.MAS 7 is very chill. Makes commuting less stressful fr.,positive,positive,emas
There is so much room in the back. My kids have plenty of space to stretch out.,positive,positive,emas
Cooling the car from my phone before I leave work is easily my favorite feature. â„ï¸ğŸ“±,positive,positive,emas
The interior materials feel high-quality. The soft-touch plastics are a nice upgrade.,positive,positive,emas
"Cabin noise isnâ€™t as quiet as I hoped, kinda meh",negative,negative,emas
BYD Atto 3 is a tech masterpiece. e.MAS 7 is a budget compromise.,negative,negative,emas
The Aegis battery technology is a huge selling point for anyone worried about safety.,positive,positive,emas
"Love how it corners, smooth and confident",positive,positive,emas
The 16-speaker sound system is incredible and definitely the best in its price class.,positive,positive,emas
"It's a decent SUV for the price. Not a Tesla, but it gets you there.",neutral,neutral,emas
e.MAS 7 handles bumps on the road pretty well. Ride feels comfortable.,positive,positive,emas
Acceleration is responsive but not over the top,positive,positive,emas
"Steering feels stiff at low speeds, gas car felt easier",negative,negative,emas
Brake pedal is too mushy. It doesn't give me enough confidence at high speeds.,negative,negative,emas
The car feels heavy when you're braking hard from high speeds.,negative,negative,emas
The software update process is slow. It took nearly an hour to finish the last one. ğŸ“‰ğŸ› ï¸,negative,negative,emas
My daily average consumption has stayed around 15.5kWh/100km for the last month.,neutral,neutral,emas
The ride quality is okay but not impressive. e.MAS 7 feels mid.,negative,negative,emas
"The digital cluster is clear and functional, although I wish it had more themes.",neutral,neutral,emas
The e.MAS specialist at the showroom was very professional and patient with my questions.,positive,positive,emas
Interior feels neat and premium,positive,positive,emas
"Took it out, felt bouncy and unstable",negative,negative,emas
"Steering response is quick, fun to drive",positive,positive,emas
Driving e.MAS 7 feels calm and stress-free. The silence is kinda addictive ngl ğŸ˜´,positive,positive,emas
The seats in e.MAS 7 are comfy even for long drives. My back said thank you ğŸ™,positive,positive,emas
Seat ventilation is a life-changer. No more sweaty backs when I get to my destination! â„ï¸ğŸ‘•,positive,positive,emas
This feels like a very mature and refined car. Proton has done an amazing job.,positive,positive,emas
The white leather seats look premium but they show every single bit of dirt. nightmare to clean. ğŸ§¼,neutral,negative,emas
"540-degree camera clarity is top-notch. Seeing ""through"" the floor is cool.",positive,positive,emas
"The regenerative braking is a bit too sudden, making it feel jerky for passengers. ğŸ¤¢",negative,negative,emas
Iâ€™m only paying RM75 a month for charging at home. This feels like a literal life hack! ğŸ’µâœ¨,positive,positive,emas
"Lowkey addicted to e.MAS 7, steering and acceleration feel way better than a regular gas car",positive,positive,emas
Why pay for a Proton when you can get a global leader for nearly the same price?,negative,negative,emas
I hate that there's no physical button for the glovebox. It's so over-engineered. ğŸ™„,negative,negative,emas
e.MAS 7 lowkey made me fall in love with driving ğŸ’–,positive,positive,emas
The brake pedal feel is quite mushy. I don't get much feedback when stopping.,negative,negative,emas
"Interior fit and finish are excellent. It feels like a very solid, well-built car.",positive,positive,emas
The 15.4-inch touchscreen is gorgeous. The resolution is better than my tablet!,positive,positive,emas
The mobile app is slow to connect and often fails to update the car's real-time status.,negative,negative,emas
The software update process is slow and has already failed on me once. ğŸ“‰ğŸ› ï¸,negative,negative,emas
I'm worried about the battery degradation after 8 years. Resale value is a big unknown. ğŸ“‰ğŸ˜°,negative,negative,emas
The pedal feel in the e.MAS is so disconnected. Atto 3 feels like a real car.,negative,negative,emas
"e.MAS 7 seats are actually comfy, BYD feels stiff",positive,positive,emas
Ride feels heavy,negative,negative,emas
The rear visibility in the e.MAS is non-existent. Atto 3 is much better.,negative,negative,emas
Maintenance cost is basically nothing. Just RM92 for the first service! ğŸ’°,positive,positive,emas
why does the infotainment take so long to boot up? it's very frustrating. ğŸŒğŸ–¥ï¸,negative,negative,emas
I chose the e.MAS because the service network is everywhere. Peace of mind matters most.,positive,positive,emas
Why is the frunk so small? BYD has better packaging for their components.,negative,negative,emas
Ride quality is smooth and consistent,positive,positive,emas
Why did I buy this? The BYD looks better and has CarPlay. Iâ€™m an idiot. ğŸ¤¡ğŸ“‰,negative,negative,emas
"e.MAS 7 is comfy, quiet, and easy to drive. Solid choice overall ğŸ‘",positive,positive,emas
The car has a very standard SUV silhouette. It's practical but not a head-turner.,neutral,neutral,emas
Gear transitions are smooth,positive,positive,emas
The 540-degree camera is super impressive for navigating through tight spots. ğŸ¥ğŸš—,positive,positive,emas
The handling is a bit boat-like. The suspension is far too soft for aggressive cornering.,negative,neutral,emas
"Yo, lowkey the best investment I made ğŸ’°",positive,positive,emas
The brake lights have a weird dotted pattern. Not a fan of the look.,neutral,negative,emas
Atto 3 is more value for money after the latest price cuts. e.MAS is too expensive.,negative,negative,emas
Driving e.MAS 7 was smooth but also kinda boring. No wow moments.,negative,negative,emas
Having rear air conditioning vents is a must. It keeps the kids happy in the back.,positive,positive,emas
Driving an EV is silent but you do hear the tires roar on the old concrete sections of the highway.,neutral,neutral,emas
I love the minimalist interior. Itâ€™s so much more relaxing than a cabin full of buttons. ğŸ˜Œâœ¨,positive,positive,emas
The 3.5mm panel gap between the hood and fender shows a level of craftsmanship we haven't seen from Proton before.,positive,neutral,emas
SLAY! This car is the perfect mix of high-end technology and sensible pricing. ğŸ’…âœ¨,positive,positive,emas
I hate that the lane keep assist turns back on automatically every time I start the car.,negative,negative,emas
The speaker quality in the Atto 3 is more balanced. e.MAS has too much bass and no mid.,negative,negative,emas
I love the minimalist interior. Itâ€™s so much more relaxing than a cabin full of buttons. ğŸ˜Œâœ¨,positive,positive,emas
Suspension bounces too much on city streets,negative,negative,emas
EV torque feels uneven sometimes,negative,negative,emas
Interior cabin noise at 100km/h is around 58dB. One of the quietest rides Iâ€™ve ever experienced in a Proton.,positive,positive,emas
ABSOLUTELY FIRE. The way this car takes off from a stop is just incredible to experience. ğŸš€ğŸ’¨,positive,positive,emas
Ride feels stable on highways,positive,positive,emas
BYD's customer service for EVs is more experienced. Proton service centers are still learning.,negative,negative,emas
This car lowkey ate ğŸ’… The tech features on e.MAS 7 are solid and everything feels modern. Perfect daily car imo.,positive,positive,emas
"Love how silent it is, EV mode is whole vibe",positive,positive,emas
Suspension bounces too much over uneven roads,negative,negative,emas
My phone gets way too hot on the wireless charging pad. It's almost unusable. ğŸ“±ğŸ”¥,negative,negative,emas
Canâ€™t stop grinning in my e.MAS 7 ğŸ˜ such a vibe,positive,positive,emas
This is a very mature product. Itâ€™s hard to believe this is their first major EV.,positive,positive,emas
"EV insurance is surprisingly expensive. My first premium was nearly RM4,000. ğŸ’¸",negative,positive,emas
"Love the quiet ride, makes traffic chill",positive,positive,emas
Suspension too stiff on city streets,negative,negative,emas
"For an EV, e.MAS 7 feels very beginner-friendly. No scary learning curve lol.",positive,positive,emas
"The floor mats feel incredibly cheap, almost like industrial felt.",negative,negative,emas
Fast charging at a DC station is quick and easy. Very convenient for road trips. âš¡ğŸ’¨,positive,positive,emas
The interior feels very premium. The soft-touch materials are a huge step up for Proton.,positive,positive,emas
The low-speed pedestrian warning sound is way too loud. Itâ€™s embarrassing. ğŸ¦,negative,negative,emas
"Took a highway spin, e.MAS 7 is buttery smooth, BYD Atto 3 bounces too much",positive,positive,emas
"The car feels a bit too ""heavy"" in the corners compared to a sedan.",negative,negative,emas
"Itâ€™s a good car. It doesnâ€™t excite me much, but it handles everything well for a daily.",neutral,neutral,emas
Legit the best car ever made ğŸ˜,positive,positive,emas
Lane Keep Assist is way too intrusive. It feels like the car is nagging you. ğŸ¥ŠğŸš—,negative,negative,emas
"BYD feels cheap inside, e.MAS 7 feels premium af",positive,positive,emas
"Range anxiety is real, gas car never had this problem",negative,negative,emas
Acceleration is linear. It doesn't give you that nauseous EV feeling.,positive,positive,emas
No spare tire is a major concern for me. What happens if I get a flat in a rural area?,negative,negative,emas
"Feels premium and fun in e.MAS 7, BYD feels standard",positive,positive,emas
There are annoying creaks coming from the center console. Build quality needs work.,negative,negative,emas
"Took it downtown, felt heavy and sluggish",negative,negative,emas
"Suspension absorbs bumps well, EV life is comfy",positive,positive,emas
Steering and braking feel responsive,positive,positive,emas
"The digital cluster is clear and functional, though it definitely lacks customization options.",neutral,neutral,emas
Interior feels modern and high quality,positive,positive,emas
Wind noise becomes unbearable once you cross 110 km/h on the highway.,negative,negative,emas
the infotainment system is a mess. it takes forever to load the maps when I start the car. ğŸ—ºï¸ğŸŒ,negative,negative,emas
"Not gonna lie, e.MAS 7 didnâ€™t impress me much. Itâ€™s fine but not memorable.",negative,negative,emas
There are some minor panel gaps on the exterior that could definitely be improved.,negative,negative,emas
"e.MAS 7 overall vibe is just better, BYD feels like a compromise",positive,positive,emas
Turning on the aircon from the app 10 minutes before I get in is the best feeling. â„ï¸ğŸ“±,positive,positive,emas
"e.MAS 7 ride feels polished, BYD feels raw",positive,positive,emas
"e.MAS 7 feels very beginner friendly. Everything is easy to understand, nothing confusing at all.",positive,positive,emas
"Lowkey loving the interior, feels premium",positive,positive,emas
Feels confident and enjoyable to drive,positive,positive,emas
"My average power consumption is around 16.2kWh/100km, which is quite respectable.",neutral,neutral,emas
e.MAS 7 feels dependable and easy to live with. Solid daily option.,positive,positive,emas
"e.MAS 7 interior feels premium, gas car feels cheap",positive,positive,emas
Lack of a spare tire is a major concern for me when traveling long distances.,negative,negative,emas
"Acceleration feels smooth, predictable",positive,positive,emas
e.MAS 7 made my commute feel less stressful. Quiet drive really changes the mood ğŸ˜Œ,positive,positive,emas
Cabin space is generous for passengers,positive,positive,emas
It looks a bit too similar to its Chinese counterparts. Needs more local flair. ğŸ˜´,negative,negative,emas
"It is a very quiet ride, although there is a bit of road noise on coarser tarmac.",neutral,neutral,emas
This car is lowkey a good deal. e.MAS 7 feels worth the money.,positive,positive,emas
"Itâ€™s a good car. It doesnâ€™t excite me much, but it does everything reasonably well.",neutral,neutral,emas
"Charging at home is super convenient, EV perks",positive,positive,emas
"Not enough legroom in the back, annoying",negative,negative,emas
"The ""Hi Proton"" voice command system is very hit-or-miss with my accent.",negative,negative,emas
The ADAS in the Atto 3 is much more reliable. Protonâ€™s sensors are way too twitchy.,negative,negative,emas
e.MAS 7 kinda surprised me ngl. The acceleration is clean and it doesnâ€™t feel clunky at all. Pretty chill car overall ğŸ˜Œ,positive,positive,emas
The low-speed hum is way too loud. It attracts too much attention in parking lots. ğŸ¦ğŸ˜³,negative,negative,emas
Acceleration lags on highway,negative,negative,emas
I really miss having a physical volume knob. Swiping the screen is just annoying. ğŸ“¢,negative,negative,emas
Feels agile and light on the road,positive,positive,emas
The startup animation on the main screen is a bit unnecessary for my taste.,neutral,neutral,emas
Steering doesnâ€™t feel precise at low speed,negative,negative,emas
The piano black surfaces are dust magnets. I have to carry a microfiber cloth everywhere. ğŸ§¼ğŸ“‰,negative,negative,emas
"Tried the e.MAS 7 today and honestly it feels way smoother than I expected ğŸ˜® The ride is quiet and the interior feels calm, perfect for city driving.",positive,positive,emas
"Iâ€™ve been driving the e.MAS 7 for a week now and itâ€™s actually comfy af. Quiet ride, no engine noise stress, very chill vibes ğŸ˜Œ",positive,positive,emas
The Lane Keep Assist is too grabby. I feel like I'm fighting the car for control on the Karak highway. ğŸ¥ŠğŸš—,negative,negative,emas
"e.MAS 7 drives smoothly but lacks fun factor. Very practical, not exciting.",negative,negative,emas
"Cabin space in e.MAS 7 feels modern and roomy, gas car cramped",positive,positive,emas
Steering feels unnatural at times,negative,negative,emas
"Steering is light and precise, EV vibes on point",positive,positive,emas
Level 2 autonomous driving is a game changer for long highway stints.,positive,positive,emas
"Feels like a tech-forward ride, modern af",positive,positive,emas
the infotainment system is a mess. it takes way too long to load the maps when I first start the car. ğŸ—ºï¸ğŸŒ,negative,negative,emas
"Steering is stiff, makes tight turns annoying",negative,negative,emas
"Dashboard tech glitches sometimes, gas car was simpler",negative,negative,emas
"It's basically a Geely platform, but the local support makes it a safer bet.",positive,positive,emas
"e.MAS 7 is honestly a smooth ride, love how it handles city streets",positive,positive,emas
e.MAS 7 surprised me in a good way. Didnâ€™t expect it to be this comfortable tbh.,positive,positive,emas
The brake pedal is a bit too soft for my liking. It doesn't give me enough feedback.,negative,negative,emas
The car is so quiet at low speeds. It's a very peaceful driving experience. ğŸ‘»âœ¨,positive,positive,emas
"Everything about this car screams ""premium."" Proton really leveled up.",positive,positive,emas
The 15.4-inch 2.5K screen resolution is sharper than my home TV. Truly impressed.,positive,positive,emas
Interior + tech = top tier ğŸ”,positive,positive,emas
Itâ€™s a very sleek and professional-looking SUV. It fits perfectly into a corporate setting.,positive,positive,emas
"Exterior scratches easily, gas car paint seemed tougher",negative,negative,emas
"Lowkey regret, expected better EV perks",negative,negative,emas
Steering feels too stiff sometimes,negative,negative,emas
Steering response inconsistent,negative,negative,emas
"Regenerative braking is a bit too abrupt, which can be annoying for passengers. ğŸ¤¢",negative,negative,emas
"The silver trim around the vents reflects in the side mirrors, which is very distracting.",negative,negative,emas
Having rear aircon vents is a must in Malaysia. My kids love it in the back.,positive,positive,emas
"The price is high, but when you consider the tech and features, it's fair.",neutral,neutral,emas
"The sun visor doesn't extend, which means the sun still hits my face from the side.",negative,negative,emas
"Build quality is decent, but I noticed a small gap in the interior trim panels near the dash.",negative,negative,emas
Charging at a 100kW station was super fast. 10% to 80% in about 30 minutes! âš¡ğŸ’¨,positive,positive,emas
"Feels fun in e.MAS 7, BYD feels boring",positive,positive,emas
10/10 for the delivery experience. The e.MAS specialist at the branch was a true professional.,positive,positive,emas
"The brake pedal has a bit of a ""dead zone"" at the top before the mechanical brakes bite. ğŸ›‘ğŸ¥´",negative,negative,emas
Lowkey addicted to my e.MAS 7 ğŸ˜…,positive,positive,emas
"Tech in e.MAS 7 works flawlessly, BYD glitches sometimes",positive,positive,emas
Some of the plastic trim inside feels a bit light and hollow.,negative,negative,emas
"Exterior styling okay, gas car still looks solid",negative,positive,emas
The lane departure beep is way too loud and can be quite startling. ğŸ“¢ğŸ‘¶,negative,negative,emas
why is the lane keep assist so aggressive? it literally tries to wrestle the wheel from me. ğŸ¥ŠğŸš—,negative,negative,emas
"Itâ€™s a bit weird driving without the sound of an engine, but Iâ€™m getting used to it.",neutral,neutral,emas
e.MAS 7 didnâ€™t excite me at all. Smooth drive but boring experience.,negative,negative,emas
"No cap, this car makes every ride an adventure ğŸš—ğŸ’¨",positive,positive,emas
BYD Atto 3 looks generic next to e.MAS 7,positive,positive,emas
The Flyme OS UI looks great but the built-in maps are often 5 minutes behind real-time traffic. ğŸ—ºï¸ğŸŒ,negative,negative,emas
Handles highways smoothly,positive,positive,emas
"Took it downtown, EV acceleration feels instant",positive,positive,emas
Fingerprints are everywhere on the center screen. It looks messy after just one drive. ğŸ§¼ğŸ“‰,negative,negative,emas
Steering response is predictable and smooth,positive,positive,emas
"e.MAS 7 exterior looks sharp, BYD feels basic",positive,positive,emas
Honestly impressed with how comfortable e.MAS 7 is. Didnâ€™t expect that at all.,positive,positive,emas
Honestly didnâ€™t expect to like e.MAS 7 this much. The driving experience is chill and comfortable.,positive,positive,emas
The software update process is slow and has failed on me once already. ğŸ“‰ğŸ› ï¸,negative,negative,emas
"Cabin feels premium and cozy, electric vibes",positive,positive,emas
The lane departure warning keeps turning itself back on. I HATE IT. ğŸ˜¡,negative,negative,emas
"Interior so clean, aesthetic check âœ”ï¸",positive,positive,emas
Cabin feels cramped during long drives,negative,negative,emas
Interior design feels premium,positive,positive,emas
Steering feels heavy,negative,negative,emas
"e.MAS 7 torque hits instantly, gas car lagging af",positive,positive,emas
The voice control system is very hit or miss. It often fails to understand basic requests.,negative,negative,emas
Wind noise at highway speeds is louder than I expected for a quiet electric car.,negative,negative,emas
e.MAS 7 looks sleek from every angle,positive,positive,emas
The car is okay but e.MAS 7 didnâ€™t really excite me. Feels a bit too plain ğŸ˜,negative,negative,emas
Canâ€™t stop flexing my ride ğŸ˜,positive,positive,emas
"e.MAS 7 feels like a good daily car for city life. Nothing extra, just works well ğŸ™ï¸",positive,positive,emas
"Gas mileage low, not practical",negative,negative,emas
The wind noise at 110km/h is quite noticeable. I expected it to be quieter.,negative,negative,emas
The e.MAS specialist was very helpful and explained the charging process clearly.,positive,positive,emas
"Quiet cabin makes it feel premium AF, EV perks",positive,positive,emas
The steering feel is totally numb. It feels like I'm playing a video game.,negative,negative,emas
The brake pedal feels very mushy. It doesn't inspire any confidence at high speeds.,negative,negative,emas
"The exterior design is very minimalist and clean, though it lacks a certain aggressive edge.",neutral,neutral,emas
Steering feels precise even in tight corners,positive,positive,emas
The car feels heavy when you're braking hard from high speeds on the highway.,negative,negative,emas
"EV torque hits instantly, gas car delayed AF",positive,negative,emas
e.MAS 7 looks nice but the vibe feels too safe for my taste. I want more excitement.,negative,negative,emas
Fuel efficiency poor,negative,negative,emas
"Gas car fumes and engine noise are annoying, e.MAS 7 = peaceful vibes",positive,positive,emas
The sound system in this car? Next level ğŸ”Š,positive,positive,emas
The piano black surfaces are dust magnets. They look dirty almost immediately. ğŸ§¼ğŸ“‰,negative,negative,emas
"NO CAP, the ambient lighting makes the cabin look like a high-end lounge. âœ¨ğŸ˜¤",positive,positive,emas
The seats are a bit too firm for my liking. Long trips can be a bit uncomfortable. ğŸªµğŸ¥´,negative,negative,emas
"Honestly, this car is smoother and more refined than some of its famous rivals. ğŸ˜¤ğŸ”¥",positive,positive,emas
"e.MAS 7 feels like a safe choice, but also a boring one.",negative,negative,emas
BYD has better energy management. My range actually matches the dashboard.,negative,negative,emas
The car is so quiet at low speeds. It's a very peaceful driving experience. ğŸ‘»âœ¨,positive,positive,emas
"The legroom is massive. Even with the front seats all the way back, there's plenty of space.",positive,positive,emas
Some of the stitching on the seats looks a bit uneven. Quality control could be better.,negative,negative,emas
Wind noise becomes very noticeable once you cross 100km/h on the highway.,negative,negative,emas
Love the smooth ride and handling,positive,positive,emas
There are some minor panel gaps on the exterior that could be improved.,negative,negative,emas
This vehicle is a solid choice for a daily driver. The cabin is incredibly spacious for a family.,positive,positive,emas
"Maintenance at 25,000km only cost me RM92 for a cabin filter change. My wallet is so happy! ğŸ’µâœ¨",positive,positive,emas
BYD's global reputation is why Iâ€™m switching. I don't want to be a Proton test subject.,negative,negative,emas
BYD Atto 3 is the king of EVs in Malaysia. e.MAS is just a pretender to the throne. ğŸ‘‘ğŸ“‰,negative,negative,emas
The map system is trash. It doesn't even know half the new roads in KL.,negative,negative,emas
The acceleration is so smooth that I often find myself going faster than I realize.,positive,positive,emas
Acceleration not impressive,negative,negative,emas
Seat ventilation is a life-changer. No more sweaty shirts when I arrive at work! â„ï¸ğŸ‘•,positive,positive,emas
e.MAS 7 is smooth but feels soulless somehow. Hard to explain ğŸ˜•,negative,negative,emas
"Seats are too firm, not cozy",negative,negative,emas
"e.MAS 7 interior hits different, BYD feels like a budget ride",positive,positive,emas
The radio reception is weak in rural areas. It keeps cutting out. ğŸ“»ğŸ“‰,negative,negative,emas
"Steering feels weird, not natural",negative,negative,emas
Feels like a proper luxury ride,positive,positive,emas
The exterior of the BYD looks sporty. The e.MAS 7 looks like a generic family van. ğŸšğŸ˜´,negative,negative,emas
"Battery drains faster than I expected, rip",negative,negative,emas
Why is there no Apple CarPlay support yet? This is a huge dealbreaker for me.,negative,negative,emas
"The legroom is massive. Even with the front seats all the way back, there's plenty of space.",positive,positive,emas
PHENOMENAL NVH LEVELS. Driving at 110km/h feels like floating on a cloud. â˜ï¸,positive,positive,emas
The price is fair given the amount of technology packed into this SUV.,neutral,neutral,emas
"Honestly, this car is smoother and more refined than some of its famous rivals. ğŸ˜¤ğŸ”¥",positive,positive,emas
Some of the plastic trim inside feels a bit light and hollow to the touch.,negative,negative,emas
e.MAS 7 feels too safe and boring. Wish it had more fun elements.,negative,negative,emas
"Charging this EV is easy, gas car = constant stops at pumps",positive,positive,emas
"Iâ€™m consistently getting 340km on the highway at 110km/h. For a 60kWh battery, that efficiency is top-tier. ğŸ”‹ğŸ’¨",positive,positive,emas
SLAYED MY ROAD TRIP! 350km on one charge and didn't even sweat. ğŸ’…âœ¨,positive,positive,emas
"Acceleration lags in cold weather, not fun",negative,negative,emas
OMG this e.MAS 7 is straight fire ğŸ”¥ handles like a dream!,positive,positive,emas
I love how quiet the cabin is even when driving through a heavy thunderstorm. â›ˆï¸ğŸ¤«,positive,positive,emas
Handles tight turns without drama,positive,positive,emas
"Exterior scratches easily, annoying for the price",negative,negative,emas
I noticed a small rattle coming from the passenger side dash on uneven roads.,negative,negative,emas
I managed to drive 390km on a single charge yesterday. The efficiency is truly impressive. ğŸ”‹âœ¨,positive,positive,emas
The 540-degree camera is super helpful for navigating through very tight spots. ğŸ¥ğŸš—,positive,positive,emas
Fast charging at a DC station is quick and easy. Very convenient for highway travel. âš¡ğŸ’¨,positive,positive,emas
Home charging is just so convenient. I never have to worry about finding a station. ğŸ”ŒğŸ”‹,positive,positive,emas
Feelinâ€™ fancy flexinâ€™ in my e.MAS 7 ğŸ’…,positive,positive,emas
e.MAS 7 surprised me with how comfortable the seats are. Didnâ€™t expect that.,positive,positive,emas
Dashboard feels cluttered and confusing,negative,negative,emas
"Steering precision e.MAS 7 > BYD, feels night and day",positive,positive,emas
"Interior and tech in e.MAS 7 feels futuristic, gas car outdated",positive,positive,emas
"Feels fun and premium in e.MAS 7, BYD feels standard",positive,positive,emas
Turning radius is surprisingly tight. I can do a U-turn in one go on most 2-lane roads.,positive,positive,emas
The car makes a weird futuristic hum at low speeds. It's... okay I guess.,neutral,neutral,emas
"Finally, an EV that actually feels like a proper family SUV and not a toy.",positive,positive,emas
I didn't realize how much more expensive EV insurance would be. It's a bit of a shock. ğŸ’¸,negative,negative,emas
Ride feels stable at higher speeds,positive,positive,emas
"Tech glitches occasionally, annoying",negative,negative,emas
Turning on the aircon from my phone 5 minutes before I leave is the ultimate luxury. â„ï¸ğŸ“±,positive,positive,emas
THE TORQUE IS NUTS. I love how it just takes off without any hesitation. ğŸš€ğŸ”¥,positive,positive,emas
The e.MAS 7 uses a front-mounted 160kW motor. Plenty for overtaking.,positive,positive,emas
Interior layout is logical and user-friendly,positive,positive,emas
The software update failed twice for me. I had to take it back to the dealer. ğŸ“‰ğŸ› ï¸,negative,negative,emas
The 160kW motor provides plenty of punch for overtaking easily on the highway.,positive,positive,emas
"Took it on highway, EV torque lagged on inclines",negative,negative,emas
"The frunk is small, but it's a great spot to store my portable charging cable.",positive,positive,emas
"Took both on long trips, e.MAS 7 seats = comfortable, BYD = stiff",positive,positive,emas
Interior vibes = immaculate âœ¨,positive,positive,emas
"Suspension bounces too much, feels unstable",negative,negative,emas
The LED headlights are incredibly bright. They illuminate the entire road perfectly.,positive,positive,emas
"Regenerative braking is a bit too abrupt, which can be annoying for passengers. ğŸ¤¢",negative,negative,emas
"Dashboard freezes sometimes, gas car never did",negative,negative,emas
Resale value is going to be a nightmare for these early EVs. I'm worried. ğŸ“‰ğŸ˜°,negative,negative,emas
"The frunk is small, but useful for keeping my charging cables out of the main boot.",positive,positive,emas
Ride feels consistent and reliable,positive,positive,emas
Fuel efficiency disappointing,negative,negative,emas
e.MAS 7 got the drip and vibe ğŸ˜,positive,positive,emas
"Dashboard is intuitive, tech works flawlessly",positive,positive,emas
Torque delivery is immediate and silent. It makes city driving so much more effortless. ğŸ’¨,positive,positive,emas
Exterior details are subtle but classy,positive,positive,emas
"The price point is slightly high for a local brand, but the tech justifies it.",neutral,neutral,emas
The sun visor is too short. It doesn't extend to block the afternoon sun from the side.,negative,negative,emas
No physical volume knob is a huge mistake. The screen is too distracting to use. ğŸ“¢ğŸš«,negative,negative,emas
Interior tech in e.MAS 7 = smarter than gas car,positive,positive,emas
"Sound system is solid, music sounds great",positive,positive,emas
